# DM energy table (dE_over_E), source=dm_table_fccee_clean.npz, build_date=2026-04-28T04:24:29.454571
20 20 20
1.0000000000e+01
1.1288378917e+01
1.2742749857e+01
1.4384498883e+01
1.6237767392e+01
1.8329807108e+01
2.0691380811e+01
2.3357214691e+01
2.6366508987e+01
2.9763514416e+01
3.3598182863e+01
3.7926901907e+01
4.2813323987e+01
4.8329302386e+01
5.4555947812e+01
6.1584821107e+01
6.9519279618e+01
7.8475997035e+01
8.8586679041e+01
1.0000000000e+02
5.0000000000e-02
5.8538995686e-02
6.8536280319e-02
8.0240900359e-02
9.3944434399e-02
1.0998825680e-01
1.2877204181e-01
1.5076372000e-01
1.7651113509e-01
2.0665569151e-01
2.4194833268e-01
2.8326824806e-01
3.3164477502e-01
3.8828304109e-01
4.5459398535e-01
5.3222950694e-01
6.2312361622e-01
7.2954061363e-01
8.5413149669e-01
1.0000000000e+00
0.0000000000e+00
1.0526315789e+00
2.1052631579e+00
3.1578947368e+00
4.2105263158e+00
5.2631578947e+00
6.3157894737e+00
7.3684210526e+00
8.4210526316e+00
9.4736842105e+00
1.0526315789e+01
1.1578947368e+01
1.2631578947e+01
1.3684210526e+01
1.4736842105e+01
1.5789473684e+01
1.6842105263e+01
1.7894736842e+01
1.8947368421e+01
2.0000000000e+01
1.0000000000e-06
1.0000000000e-06
1.0000000000e-06
1.0000000000e-06
1.0000000000e-06
1.0000000000e-06
1.0000000000e-06
5.5308127078e-01
3.2447988338e-01
2.0276509961e-01
1.3317652655e-01
9.1068948906e-02
6.4384069104e-02
4.6810288220e-02
3.4854824583e-02
2.6492280859e-02
2.0500424135e-02
1.6115899661e-02
1.2847445501e-02
1.0370461771e-02
1.0000000000e-06
1.0000000000e-06
1.0000000000e-06
1.0000000000e-06
1.0000000000e-06
1.0000000000e-06
1.0000000000e-06
5.5307275914e-01
3.2447488980e-01
2.0276197916e-01
1.3317447703e-01
9.1067547402e-02
6.4383078266e-02
4.6809567833e-02
3.4854288185e-02
2.6491873157e-02
2.0500108644e-02
1.6115651646e-02
1.2847247785e-02
1.0370302175e-02
1.0000000000e-06
1.0000000000e-06
1.0000000000e-06
1.0000000000e-06
1.0000000000e-06
1.0000000000e-06
1.0000000000e-06
5.5305676700e-01
3.2446550758e-01
2.0275611628e-01
1.3317062628e-01
9.1064914177e-02
6.4381216625e-02
4.6808214331e-02
3.4853280371e-02
2.6491107142e-02
2.0499515882e-02
1.6115185661e-02
1.2846876306e-02
1.0370002317e-02
1.0000000000e-06
1.0000000000e-06
1.0000000000e-06
1.0000000000e-06
1.0000000000e-06
1.0000000000e-06
1.0000000000e-06
5.5302672053e-01
3.2444788002e-01
2.0274510094e-01
1.3316339139e-01
9.1059966802e-02
6.4377718921e-02
4.6805671334e-02
3.4851386862e-02
2.6489667933e-02
2.0498402184e-02
1.6114310155e-02
1.2846178361e-02
1.0369438936e-02
1.0000000000e-06
1.0000000000e-06
1.0000000000e-06
1.0000000000e-06
1.0000000000e-06
1.0000000000e-06
1.0000000000e-06
5.5297027000e-01
3.2441476181e-01
2.0272440562e-01
1.3314979866e-01
9.1050671803e-02
6.4371147528e-02
4.6800893618e-02
3.4847829386e-02
2.6486963985e-02
2.0496309797e-02
1.6112665277e-02
1.2844867080e-02
1.0368380469e-02
1.0000000000e-06
1.0000000000e-06
1.0000000000e-06
1.0000000000e-06
1.0000000000e-06
1.0000000000e-06
1.0000000000e-06
5.5286421792e-01
3.2435254353e-01
2.0268552587e-01
1.3312426236e-01
9.1033209537e-02
6.4358802028e-02
4.6791917851e-02
3.4841146052e-02
2.6481884150e-02
2.0492378887e-02
1.6109575090e-02
1.2842403611e-02
1.0366391956e-02
1.0000000000e-06
1.0000000000e-06
1.0000000000e-06
1.0000000000e-06
1.0000000000e-06
1.0000000000e-06
1.0000000000e-06
5.5266500082e-01
3.2423566750e-01
2.0261249090e-01
1.3307629284e-01
9.1000406959e-02
6.4335611209e-02
4.6775057020e-02
3.4828591519e-02
2.6472341763e-02
2.0484994737e-02
1.6103770224e-02
1.2837776026e-02
1.0362656568e-02
1.0000000000e-06
1.0000000000e-06
1.0000000000e-06
1.0000000000e-06
1.0000000000e-06
1.0000000000e-06
1.0000000000e-06
5.5229084570e-01
3.2401615942e-01
2.0247532191e-01
1.3298619997e-01
9.0938799533e-02
6.4292055895e-02
4.6743390229e-02
3.4805012505e-02
2.6454419944e-02
2.0471126362e-02
1.6092867945e-02
1.2829084830e-02
1.0355641032e-02
1.0000000000e-06
1.0000000000e-06
1.0000000000e-06
1.0000000000e-06
1.0000000000e-06
1.0000000000e-06
1.0000000000e-06
5.5158838496e-01
3.2360404208e-01
2.0221779280e-01
1.3281705434e-01
9.0823134142e-02
6.4210282594e-02
4.6683937141e-02
3.4760743883e-02
2.6420772471e-02
2.0445089062e-02
1.6072399367e-02
1.2812767470e-02
1.0342469655e-02
1.0000000000e-06
1.0000000000e-06
1.0000000000e-06
1.0000000000e-06
1.0000000000e-06
1.0000000000e-06
1.0000000000e-06
5.5027042673e-01
3.2283082672e-01
2.0173461620e-01
1.3249970297e-01
9.0606122507e-02
6.4056859366e-02
4.6572391138e-02
3.4677687006e-02
2.6357643015e-02
2.0396237827e-02
1.6033996182e-02
1.2782152808e-02
1.0317757490e-02
1.0000000000e-06
1.0000000000e-06
1.0000000000e-06
1.0000000000e-06
1.0000000000e-06
1.0000000000e-06
1.0000000000e-06
5.4780078178e-01
3.2138194363e-01
2.0082921977e-01
1.3190503677e-01
9.0199477079e-02
6.3769368540e-02
4.6363371600e-02
3.4522051576e-02
2.6239348415e-02
2.0304698353e-02
1.5962034695e-02
1.2724785779e-02
1.0271450808e-02
1.0000000000e-06
1.0000000000e-06
1.0000000000e-06
1.0000000000e-06
1.0000000000e-06
1.0000000000e-06
1.0000000000e-06
5.4318400524e-01
3.1867338850e-01
1.9913666354e-01
1.3079336242e-01
8.9439290451e-02
6.3231930599e-02
4.5972628590e-02
3.4231105299e-02
2.6018207423e-02
2.0133573634e-02
1.5827509244e-02
1.2617543339e-02
1.0184884679e-02
1.0000000000e-06
1.0000000000e-06
1.0000000000e-06
1.0000000000e-06
1.0000000000e-06
1.0000000000e-06
9.8967295321e-01
5.3459177310e-01
3.1363252628e-01
1.9598666570e-01
1.2872443749e-01
8.8024515460e-02
6.2231710745e-02
4.5245421063e-02
3.3689628377e-02
2.5606644351e-02
1.9815095297e-02
1.5577145404e-02
1.2417955612e-02
1.0023777407e-02
1.0000000000e-06
1.0000000000e-06
1.0000000000e-06
1.0000000000e-06
1.0000000000e-06
1.0000000000e-06
9.6031767146e-01
5.1873492658e-01
3.0432968422e-01
1.9017338792e-01
1.2490626491e-01
8.5413567627e-02
6.0385818729e-02
4.3903369551e-02
3.2690340148e-02
2.4847110348e-02
1.9227347897e-02
1.5115102372e-02
1.2049619198e-02
9.7264561462e-03
1.0000000000e-06
1.0000000000e-06
1.0000000000e-06
1.0000000000e-06
1.0000000000e-06
1.0000000000e-06
9.0700036062e-01
4.8993450757e-01
2.8743315003e-01
1.7961486761e-01
1.1797140747e-01
8.0671364218e-02
5.7033168285e-02
4.1465832817e-02
3.0875356337e-02
2.3467586525e-02
1.8159836057e-02
1.4275904432e-02
1.1380618397e-02
9.1864385030e-03
1.0000000000e-06
1.0000000000e-06
1.0000000000e-06
1.0000000000e-06
1.0000000000e-06
1.0000000000e-06
8.1306694368e-01
4.3919448103e-01
2.5766515974e-01
1.6101306878e-01
1.0575370846e-01
7.2316641090e-02
5.1126532953e-02
3.7171427288e-02
2.7677752625e-02
2.1037167877e-02
1.6279114145e-02
1.2797421576e-02
1.0201985598e-02
8.2350457632e-03
1.0000000000e-06
1.0000000000e-06
1.0000000000e-06
1.0000000000e-06
1.0000000000e-06
8.9635094980e-01
6.5705921769e-01
3.5492376656e-01
2.0822549681e-01
1.3011858597e-01
8.5462149812e-02
5.8440840561e-02
4.1316597614e-02
3.0039136537e-02
2.2367066609e-02
1.7000648194e-02
1.3155548984e-02
1.0341908344e-02
8.2444732606e-03
6.6549412307e-03
1.0000000000e-06
1.0000000000e-06
1.0000000000e-06
1.0000000000e-06
1.0000000000e-06
8.8416581256e-01
4.2665575002e-01
2.3046669425e-01
1.3520943489e-01
8.4491384329e-02
5.5494111710e-02
3.7948057025e-02
2.6828577195e-02
1.9505654870e-02
1.4523862269e-02
1.1039224641e-02
8.5424425497e-03
6.7154292072e-03
5.3534777808e-03
4.3213288327e-03
1.0000000000e-06
1.0000000000e-06
1.0000000000e-06
1.0000000000e-06
8.0995309361e-01
3.3192492953e-01
1.6017095182e-01
8.6519564725e-02
5.0759010937e-02
3.1718933702e-02
2.0833059656e-02
1.4246090467e-02
1.0071723503e-02
7.3226232299e-03
5.4524071069e-03
4.1442383419e-03
3.2069206942e-03
2.5210411155e-03
2.0097505580e-03
1.6222712391e-03
1.0000000000e-06
1.0000000000e-06
1.0000000000e-06
1.0000000000e-06
1.0000000000e-06
1.0000000000e-06
1.0000000000e-06
1.0000000000e-06
1.0000000000e-06
1.0000000000e-06
1.0000000000e-06
1.0000000000e-06
1.0000000000e-06
1.0000000000e-06
1.0000000000e-06
1.0000000000e-06
1.0000000000e-06
1.0000000000e-06
1.0000000000e-06
1.0000000000e-06
1.0000000000e-06
1.0000000000e-06
1.0000000000e-06
1.0000000000e-06
1.0000000000e-06
1.0000000000e-06
8.0351262760e-01
4.3403351417e-01
2.5463733678e-01
1.5912100268e-01
1.0451099481e-01
7.1466846583e-02
5.0525743671e-02
3.6734624707e-02
2.7352510431e-02
2.0789959371e-02
1.6087817668e-02
1.2647038580e-02
1.0082101658e-02
8.1382754028e-03
1.0000000000e-06
1.0000000000e-06
1.0000000000e-06
1.0000000000e-06
1.0000000000e-06
1.0000000000e-06
8.0350026196e-01
4.3402683462e-01
2.5463341805e-01
1.5911855389e-01
1.0450938644e-01
7.1465746746e-02
5.0524966106e-02
3.6734059380e-02
2.7352089490e-02
2.0789639424e-02
1.6087570085e-02
1.2646843948e-02
1.0081946500e-02
8.1381501589e-03
1.0000000000e-06
1.0000000000e-06
1.0000000000e-06
1.0000000000e-06
1.0000000000e-06
1.0000000000e-06
8.0347702870e-01
4.3401428470e-01
2.5462605530e-01
1.5911395297e-01
1.0450636454e-01
7.1463680308e-02
5.0523505173e-02
3.6732997212e-02
2.7351298603e-02
2.0789038290e-02
1.6087104912e-02
1.2646478264e-02
1.0081654979e-02
8.1379148437e-03
1.0000000000e-06
1.0000000000e-06
1.0000000000e-06
1.0000000000e-06
1.0000000000e-06
1.0000000000e-06
8.0343337739e-01
4.3399070557e-01
2.5461222198e-01
1.5910530862e-01
1.0450068692e-01
7.1459797829e-02
5.0520760331e-02
3.6731001582e-02
2.7349812661e-02
2.0787908863e-02
1.6086230932e-02
1.2645791206e-02
1.0081107263e-02
8.1374727270e-03
1.0000000000e-06
1.0000000000e-06
1.0000000000e-06
1.0000000000e-06
1.0000000000e-06
1.0000000000e-06
8.0335136645e-01
4.3394640571e-01
2.5458623229e-01
1.5908906785e-01
1.0449001995e-01
7.1452503528e-02
5.0515603395e-02
3.6727252243e-02
2.7347020913e-02
2.0785786925e-02
1.6084588920e-02
1.2644500379e-02
1.0080078228e-02
8.1366420897e-03
1.0000000000e-06
1.0000000000e-06
1.0000000000e-06
1.0000000000e-06
1.0000000000e-06
1.0000000000e-06
8.0319729472e-01
4.3386318077e-01
2.5453740615e-01
1.5905855676e-01
1.0446998021e-01
7.1438799922e-02
5.0505915198e-02
3.6720208462e-02
2.7341776131e-02
2.0781800498e-02
1.6081504117e-02
1.2642075338e-02
1.0078145008e-02
8.1350815938e-03
1.0000000000e-06
1.0000000000e-06
1.0000000000e-06
1.0000000000e-06
1.0000000000e-06
1.0000000000e-06
8.0290787350e-01
4.3370684407e-01
2.5444568706e-01
1.5900124217e-01
1.0443233587e-01
7.1413057922e-02
5.0487716078e-02
3.6706976834e-02
2.7331923894e-02
2.0774312059e-02
1.6075709366e-02
1.2637519938e-02
1.0074513486e-02
8.1321502278e-03
1.0000000000e-06
1.0000000000e-06
1.0000000000e-06
1.0000000000e-06
1.0000000000e-06
1.0000000000e-06
8.0236430355e-01
4.3341322382e-01
2.5427342691e-01
1.5889359807e-01
1.0436163501e-01
7.1364711164e-02
5.0453535811e-02
3.6682126151e-02
2.7313420136e-02
2.0760247815e-02
1.6064826084e-02
1.2628964317e-02
1.0067693023e-02
8.1266447487e-03
1.0000000000e-06
1.0000000000e-06
1.0000000000e-06
1.0000000000e-06
1.0000000000e-06
1.0000000000e-06
8.0134377346e-01
4.3286196396e-01
2.5395001561e-01
1.5869150072e-01
1.0422889706e-01
7.1273942128e-02
5.0389363775e-02
3.6635470021e-02
2.7278680098e-02
2.0733842780e-02
1.6044393174e-02
1.2612901491e-02
1.0054887888e-02
8.1163084396e-03
1.0000000000e-06
1.0000000000e-06
1.0000000000e-06
1.0000000000e-06
1.0000000000e-06
1.0000000000e-06
7.9942905290e-01
4.3182768912e-01
2.5334323069e-01
1.5831232528e-01
1.0397985387e-01
7.1103641082e-02
5.0268964074e-02
3.6547933697e-02
2.7213500768e-02
2.0684301601e-02
1.6006056906e-02
1.2582764385e-02
1.0030862867e-02
8.0969154360e-03
1.0000000000e-06
1.0000000000e-06
1.0000000000e-06
1.0000000000e-06
1.0000000000e-06
1.0000000000e-06
7.9584116987e-01
4.2988962191e-01
2.5220621187e-01
1.5760181057e-01
1.0351318637e-01
7.0784523899e-02
5.0043354106e-02
3.6383904493e-02
2.7091365030e-02
2.0591469280e-02
1.5934220813e-02
1.2526292224e-02
9.9858437847e-03
8.0605760193e-03
1.0000000000e-06
1.0000000000e-06
1.0000000000e-06
1.0000000000e-06
1.0000000000e-06
1.0000000000e-06
7.8913394899e-01
4.2626658159e-01
2.5008065864e-01
1.5627356796e-01
1.0264079395e-01
7.0187963361e-02
4.9621596798e-02
3.6077266821e-02
2.6863043380e-02
2.0417927702e-02
1.5799929772e-02
1.2420722655e-02
9.9016847057e-03
7.9926427861e-03
1.0000000000e-06
1.0000000000e-06
1.0000000000e-06
1.0000000000e-06
1.0000000000e-06
1.0000000000e-06
7.7665121383e-01
4.1952378101e-01
2.4612481485e-01
1.5380159021e-01
1.0101719399e-01
6.9077711091e-02
4.8836668901e-02
3.5506586815e-02
2.6438116463e-02
2.0094951375e-02
1.5550002192e-02
1.2224248290e-02
9.7450571674e-03
7.8662129915e-03
1.0000000000e-06
1.0000000000e-06
1.0000000000e-06
1.0000000000e-06
1.0000000000e-06
1.0000000000e-06
7.5361449738e-01
4.0708003507e-01
2.3882435942e-01
1.4923958920e-01
9.8020862548e-02
6.7028755762e-02
4.7388095237e-02
3.4453404694e-02
2.5653919668e-02
1.9498902996e-02
1.5088764270e-02
1.1861657546e-02
9.4560031947e-03
7.6328885403e-03
1.0000000000e-06
1.0000000000e-06
1.0000000000e-06
1.0000000000e-06
1.0000000000e-06
7.1932963207e-01
7.1177344874e-01
3.8447875072e-01
2.2556471318e-01
1.4095373359e-01
9.2578695906e-02
6.3307286178e-02
4.4757084814e-02
3.2540534670e-02
2.4229601393e-02
1.8416314283e-02
1.4251028635e-02
1.1203092468e-02
8.9310012327e-03
7.2091068033e-03
1.0000000000e-06
1.0000000000e-06
1.0000000000e-06
1.0000000000e-06
1.0000000000e-06
7.1213616865e-01
6.3805869069e-01
3.4466024086e-01
2.0220412241e-01
1.2635587189e-01
8.2990790961e-02
5.6750872348e-02
4.0121821046e-02
2.9170476902e-02
2.1720264739e-02
1.6509030226e-02
1.2775122039e-02
1.0042845128e-02
8.0060628326e-03
6.4624962566e-03
1.0000000000e-06
1.0000000000e-06
1.0000000000e-06
1.0000000000e-06
1.0000000000e-06
7.0371420616e-01
5.1563078219e-01
2.7852834258e-01
1.6340608054e-01
1.0211126030e-01
6.7066881280e-02
4.5861763386e-02
3.2423421655e-02
2.3573373486e-02
1.7552675421e-02
1.3341349774e-02
1.0323887545e-02
8.1158679668e-03
6.4698945424e-03
5.2225007641e-03
1.0000000000e-06
1.0000000000e-06
1.0000000000e-06
1.0000000000e-06
1.0000000000e-06
6.9385394165e-01
3.3482041222e-01
1.8085998295e-01
1.0610633254e-01
6.6305068370e-02
4.3549302352e-02
2.9779941485e-02
2.1053869898e-02
1.5307167261e-02
1.1397678771e-02
8.6630906938e-03
6.7037275561e-03
5.2699690398e-03
4.2011703577e-03
3.3911859396e-03
1.0000000000e-06
1.0000000000e-06
1.0000000000e-06
1.0000000000e-06
6.3561515352e-01
2.6047989802e-01
1.2569502253e-01
6.7896695669e-02
3.9833407323e-02
2.4891603853e-02
1.6348855508e-02
1.1179695979e-02
7.9038390573e-03
5.7464678483e-03
4.2788057049e-03
3.2522132469e-03
2.5166481955e-03
1.9784005187e-03
1.5771625131e-03
1.2730860412e-03
1.0000000000e-06
1.0000000000e-06
1.0000000000e-06
1.0000000000e-06
1.0000000000e-06
1.0000000000e-06
1.0000000000e-06
1.0000000000e-06
1.0000000000e-06
1.0000000000e-06
1.0000000000e-06
1.0000000000e-06
1.0000000000e-06
1.0000000000e-06
1.0000000000e-06
1.0000000000e-06
1.0000000000e-06
1.0000000000e-06
1.0000000000e-06
1.0000000000e-06
1.0000000000e-06
1.0000000000e-06
1.0000000000e-06
1.0000000000e-06
1.0000000000e-06
1.0000000000e-06
6.3056130456e-01
3.4061037032e-01
1.9982815535e-01
1.2487114644e-01
8.2015619796e-02
5.6084029259e-02
3.9650375133e-02
2.8827713167e-02
2.1465043667e-02
1.6315043041e-02
1.2625009633e-02
9.9248379737e-03
7.9119886179e-03
6.3865595177e-03
1.0000000000e-06
1.0000000000e-06
1.0000000000e-06
1.0000000000e-06
1.0000000000e-06
1.0000000000e-06
6.3055160055e-01
3.4060512850e-01
1.9982508010e-01
1.2486922473e-01
8.2014357618e-02
5.6083166154e-02
3.9649764934e-02
2.8827269523e-02
2.1464713331e-02
1.6314791961e-02
1.2624815340e-02
9.9246852356e-03
7.9118668565e-03
6.3864612319e-03
1.0000000000e-06
1.0000000000e-06
1.0000000000e-06
1.0000000000e-06
1.0000000000e-06
1.0000000000e-06
6.3053336810e-01
3.4059527988e-01
1.9981930214e-01
1.2486561413e-01
8.2011986167e-02
5.6081544506e-02
3.9648618458e-02
2.8826435981e-02
2.1464092677e-02
1.6314320218e-02
1.2624450293e-02
9.9243982626e-03
7.9116380843e-03
6.3862765669e-03
1.0000000000e-06
1.0000000000e-06
1.0000000000e-06
1.0000000000e-06
1.0000000000e-06
1.0000000000e-06
6.3049911248e-01
3.4057677602e-01
1.9980844635e-01
1.2485883043e-01
8.2007530620e-02
5.6078497707e-02
3.9646464428e-02
2.8824869898e-02
2.1462926576e-02
1.6313433893e-02
1.2623764432e-02
9.9238590898e-03
7.9112082607e-03
6.3859296132e-03
1.0000000000e-06
1.0000000000e-06
1.0000000000e-06
1.0000000000e-06
1.0000000000e-06
1.0000000000e-06
6.3043475391e-01
3.4054201144e-01
1.9978805079e-01
1.2484608539e-01
8.1999159653e-02
5.6072773461e-02
3.9642417491e-02
2.8821927582e-02
2.1460735735e-02
1.6311768690e-02
1.2622475854e-02
9.9228461060e-03
7.9104007195e-03
6.3852777657e-03
1.0000000000e-06
1.0000000000e-06
1.0000000000e-06
1.0000000000e-06
1.0000000000e-06
1.0000000000e-06
6.3031384521e-01
3.4047670017e-01
1.9974973419e-01
1.2482214163e-01
8.1983433343e-02
5.6062019475e-02
3.9634814621e-02
2.8816399933e-02
2.1456619861e-02
1.6308640317e-02
1.2620055037e-02
9.9209430408e-03
7.9088836136e-03
6.3840531573e-03
1.0000000000e-06
1.0000000000e-06
1.0000000000e-06
1.0000000000e-06
1.0000000000e-06
1.0000000000e-06
6.3008672019e-01
3.4035401403e-01
1.9967775709e-01
1.2477716367e-01
8.1953891728e-02
5.6041818289e-02
3.9620532755e-02
2.8806016336e-02
2.1448888260e-02
1.6302763720e-02
1.2615507571e-02
9.9173681639e-03
7.9060337549e-03
6.3817527506e-03
1.0000000000e-06
1.0000000000e-06
1.0000000000e-06
1.0000000000e-06
1.0000000000e-06
1.0000000000e-06
6.2966015044e-01
3.4012359380e-01
1.9954257492e-01
1.2469268933e-01
8.1898408808e-02
5.6003877886e-02
3.9593709589e-02
2.8786514615e-02
2.1434367328e-02
1.6291726722e-02
1.2606966852e-02
9.9106540893e-03
7.9006813571e-03
6.3774322935e-03
1.0000000000e-06
1.0000000000e-06
1.0000000000e-06
1.0000000000e-06
1.0000000000e-06
1.0000000000e-06
6.2885928340e-01
3.3969098936e-01
1.9928877599e-01
1.2453409224e-01
8.1794241923e-02
5.5932646349e-02
3.9543350206e-02
2.8749900942e-02
2.1407104878e-02
1.6271005216e-02
1.2590932005e-02
9.8980486922e-03
7.8906324516e-03
6.3693208141e-03
1.0000000000e-06
1.0000000000e-06
1.0000000000e-06
1.0000000000e-06
1.0000000000e-06
1.0000000000e-06
6.2735669507e-01
3.3887933605e-01
1.9881259794e-01
1.2423653207e-01
8.1598803807e-02
5.5799001599e-02
3.9448865830e-02
2.8681206296e-02
2.1355955015e-02
1.6232127484e-02
1.2560847393e-02
9.8743984212e-03
7.8717786753e-03
6.3541020404e-03
1.0000000000e-06
1.0000000000e-06
1.0000000000e-06
1.0000000000e-06
1.0000000000e-06
1.0000000000e-06
6.2454108256e-01
3.3735842633e-01
1.9792031570e-01
1.2367895146e-01
8.1232583738e-02
5.5548572509e-02
3.9271817078e-02
2.8552483413e-02
2.1260108275e-02
1.6159276773e-02
1.2504473596e-02
9.8300815599e-03
7.8364496852e-03
6.3255844693e-03
1.0000000000e-06
1.0000000000e-06
1.0000000000e-06
1.0000000000e-06
1.0000000000e-06
1.0000000000e-06
6.1927755116e-01
3.3451522399e-01
1.9625227524e-01
1.2263660522e-01
8.0547968639e-02
5.5080418109e-02
3.8940840545e-02
2.8311847693e-02
2.1080931515e-02
1.6023088998e-02
1.2399087912e-02
9.7472352197e-03
7.7704053526e-03
6.2722734647e-03
1.0000000000e-06
1.0000000000e-06
1.0000000000e-06
1.0000000000e-06
1.0000000000e-06
7.4886212756e-01
6.0948165064e-01
3.2922377131e-01
1.9314790344e-01
1.2069670609e-01
7.9273838992e-02
5.4209141094e-02
3.8324863752e-02
2.7864003195e-02
2.0747467614e-02
1.5769631424e-02
1.2202955771e-02
9.5930508054e-03
7.6474909701e-03
6.1730569393e-03
1.0000000000e-06
1.0000000000e-06
1.0000000000e-06
1.0000000000e-06
1.0000000000e-06
8.3513345268e-01
5.9140345065e-01
3.1945846800e-01
1.8741882788e-01
1.1711664886e-01
7.6922450211e-02
5.2601211318e-02
3.7188087032e-02
2.7037512321e-02
2.0132064561e-02
1.5301878948e-02
1.1840996597e-02
9.3085055844e-03
7.4206541636e-03
5.9899542031e-03
1.0000000000e-06
1.0000000000e-06
1.0000000000e-06
1.0000000000e-06
1.0000000000e-06
5.6872984632e-01
5.5856843933e-01
3.0172197627e-01
1.7701324211e-01
1.1061427474e-01
7.2651677830e-02
4.9680766117e-02
3.5123386095e-02
2.5536376300e-02
1.9014322405e-02
1.4452311081e-02
1.1183578625e-02
8.7916927625e-03
7.0086557839e-03
5.6573889909e-03
1.0000000000e-06
1.0000000000e-06
1.0000000000e-06
1.0000000000e-06
1.0000000000e-06
6.9302681773e-01
5.0072034535e-01
2.7047416488e-01
1.5868088040e-01
9.9158516573e-02
6.5127512855e-02
4.4535581705e-02
3.1485835534e-02
2.2891703611e-02
1.7045105686e-02
1.2955558685e-02
1.0025352234e-02
7.8811818325e-03
6.2828049303e-03
5.0714819704e-03
1.0000000000e-06
1.0000000000e-06
1.0000000000e-06
1.0000000000e-06
1.0000000000e-06
8.3855121520e-01
4.0464431737e-01
2.1857676611e-01
1.2823388769e-01
8.0132414475e-02
5.2631130781e-02
3.5990289240e-02
2.5444471240e-02
1.8499343730e-02
1.3774565421e-02
1.0469702797e-02
8.1017315330e-03
6.3689751620e-03
5.0772878230e-03
4.0983882101e-03
1.0000000000e-06
1.0000000000e-06
1.0000000000e-06
1.0000000000e-06
7.2443518340e-01
5.4450601715e-01
2.6275230614e-01
1.4193094256e-01
8.3267571718e-02
5.2033293924e-02
3.4175571963e-02
2.3369984677e-02
1.6522148489e-02
1.2012389693e-02
8.9443955475e-03
6.7984114357e-03
5.2607896681e-03
4.1356392262e-03
3.2968931657e-03
2.6612531240e-03
1.0000000000e-06
1.0000000000e-06
1.0000000000e-06
1.0000000000e-06
4.9880281029e-01
2.0441315284e-01
9.8639915119e-02
5.3282333968e-02
3.1259501875e-02
1.9533833104e-02
1.2829860819e-02
8.7733323399e-03
6.2025842836e-03
4.5095745002e-03
3.3578179790e-03
2.5521934966e-03
1.9749544882e-03
1.5525614531e-03
1.2376875651e-03
9.9906176318e-04
1.0000000000e-06
1.0000000000e-06
1.0000000000e-06
1.0000000000e-06
1.0000000000e-06
1.0000000000e-06
1.0000000000e-06
1.0000000000e-06
1.0000000000e-06
1.0000000000e-06
1.0000000000e-06
1.0000000000e-06
1.0000000000e-06
1.0000000000e-06
1.0000000000e-06
1.0000000000e-06
1.0000000000e-06
1.0000000000e-06
1.0000000000e-06
1.0000000000e-06
1.0000000000e-06
1.0000000000e-06
1.0000000000e-06
1.0000000000e-06
1.0000000000e-06
1.0000000000e-06
4.9483701607e-01
2.6729616221e-01
1.5681641886e-01
9.7993427592e-02
6.4362279762e-02
4.4012298846e-02
3.1115884112e-02
2.2622731241e-02
1.6844829499e-02
1.2803333745e-02
9.9075565588e-03
7.7885796788e-03
6.2089833491e-03
5.0118931653e-03
1.0000000000e-06
1.0000000000e-06
1.0000000000e-06
1.0000000000e-06
1.0000000000e-06
1.0000000000e-06
4.9482940078e-01
2.6729204865e-01
1.5681400554e-01
9.7991919523e-02
6.4361289260e-02
4.4011621519e-02
3.1115405255e-02
2.2622383089e-02
1.6844570266e-02
1.2803136709e-02
9.9074040866e-03
7.7884598166e-03
6.2088877960e-03
5.0118160348e-03
1.0000000000e-06
1.0000000000e-06
1.0000000000e-06
1.0000000000e-06
1.0000000000e-06
1.0000000000e-06
4.9481509275e-01
2.6728431989e-01
1.5680947125e-01
9.7989086080e-02
6.4359428249e-02
4.4010348920e-02
3.1114505551e-02
2.2621728961e-02
1.6844083204e-02
1.2802766505e-02
9.9071176133e-03
7.7882346127e-03
6.2087082656e-03
5.0116711178e-03
1.0000000000e-06
1.0000000000e-06
1.0000000000e-06
1.0000000000e-06
1.0000000000e-06
1.0000000000e-06
4.9478821043e-01
2.6726979886e-01
1.5680095210e-01
9.7983762528e-02
6.4355931729e-02
4.4007957925e-02
3.1112815161e-02
2.2620499967e-02
1.6843168098e-02
1.2802070956e-02
9.9065793793e-03
7.7878114934e-03
6.2083709588e-03
5.0113988437e-03
1.0000000000e-06
1.0000000000e-06
1.0000000000e-06
1.0000000000e-06
1.0000000000e-06
1.0000000000e-06
4.9473770464e-01
2.6724251714e-01
1.5678494655e-01
9.7973760778e-02
6.4349362560e-02
4.4003465787e-02
3.1109639303e-02
2.2618190967e-02
1.6841448822e-02
1.2800764177e-02
9.9055681594e-03
7.7870165480e-03
6.2077372357e-03
5.0108873022e-03
1.0000000000e-06
1.0000000000e-06
1.0000000000e-06
1.0000000000e-06
1.0000000000e-06
1.0000000000e-06
4.9464282076e-01
2.6719126370e-01
1.5675487736e-01
9.7954970760e-02
6.4337021238e-02
4.3995026528e-02
3.1103672902e-02
2.2613853109e-02
1.6838218864e-02
1.2798309167e-02
9.9036684078e-03
7.7855231054e-03
6.2065466772e-03
5.0099262830e-03
1.0000000000e-06
1.0000000000e-06
1.0000000000e-06
1.0000000000e-06
1.0000000000e-06
1.0000000000e-06
4.9446458295e-01
2.6709498497e-01
1.5669839287e-01
9.7919674018e-02
6.4313838267e-02
4.3979173519e-02
3.1092465117e-02
2.2605704515e-02
1.6832151441e-02
1.2793697470e-02
9.9000997556e-03
7.7827176981e-03
6.2043102325e-03
5.0081210242e-03
1.0000000000e-06
1.0000000000e-06
1.0000000000e-06
1.0000000000e-06
1.0000000000e-06
1.0000000000e-06
4.9412982961e-01
2.6691416122e-01
1.5659230780e-01
9.7853382238e-02
6.4270297693e-02
4.3949399546e-02
3.1071415466e-02
2.2590400415e-02
1.6820756047e-02
1.2785036116e-02
9.8933973718e-03
7.7774487854e-03
6.2001099043e-03
5.0047305180e-03
1.0000000000e-06
1.0000000000e-06
1.0000000000e-06
1.0000000000e-06
1.0000000000e-06
1.0000000000e-06
4.9350134408e-01
2.6657467213e-01
1.5639313747e-01
9.7728922164e-02
6.4188552067e-02
4.3893500144e-02
3.1031895620e-02
2.2561667603e-02
1.6799361666e-02
1.2768774782e-02
9.8808139236e-03
7.7675566199e-03
6.1922239619e-03
4.9983649830e-03
1.0000000000e-06
1.0000000000e-06
1.0000000000e-06
1.0000000000e-06
1.0000000000e-06
7.8301094168e-01
4.9232217827e-01
2.6593772201e-01
1.5601945371e-01
9.7495409927e-02
6.4035180761e-02
4.3788621576e-02
3.0957748405e-02
2.2507759043e-02
1.6759221486e-02
1.2738265235e-02
9.8572048331e-03
7.7489969194e-03
6.1774283411e-03
4.9864219537e-03
1.0000000000e-06
1.0000000000e-06
1.0000000000e-06
1.0000000000e-06
1.0000000000e-06
8.4179019877e-01
4.9011260836e-01
2.6474417840e-01
1.5531922954e-01
9.7057844986e-02
6.3747787231e-02
4.3592095754e-02
3.0818808271e-02
2.2406742941e-02
1.6684005147e-02
1.2681095176e-02
9.8129651376e-03
7.7142189808e-03
6.1497036916e-03
4.9640426085e-03
1.0000000000e-06
1.0000000000e-06
1.0000000000e-06
1.0000000000e-06
1.0000000000e-06
9.1060777231e-01
4.8598201843e-01
2.6251295721e-01
1.5401022415e-01
9.6239857140e-02
6.3210531173e-02
4.3224708609e-02
3.0559072331e-02
2.2217902529e-02
1.6543395046e-02
1.2574220954e-02
9.7302630519e-03
7.6492047889e-03
6.0978749819e-03
4.9222064590e-03
1.0000000000e-06
1.0000000000e-06
1.0000000000e-06
1.0000000000e-06
1.0000000000e-06
9.9117800513e-01
4.7829462286e-01
2.5836045595e-01
1.5157404859e-01
9.4717508938e-02
6.2210649821e-02
4.2540968428e-02
3.0075680624e-02
2.1866453712e-02
1.6281707129e-02
1.2375318511e-02
9.5763471079e-03
7.5282075897e-03
6.0014171390e-03
4.8443456602e-03
1.0000000000e-06
1.0000000000e-06
1.0000000000e-06
1.0000000000e-06
1.0000000000e-06
9.6177808114e-01
4.6410763981e-01
2.5069707185e-01
1.4707812002e-01
9.1908036220e-02
6.0365382506e-02
4.1279135304e-02
2.9183587862e-02
2.1217859742e-02
1.5798765670e-02
1.2008246783e-02
9.2922973452e-03
7.3049089191e-03
5.8234055136e-03
4.7006546244e-03
1.0000000000e-06
1.0000000000e-06
1.0000000000e-06
1.0000000000e-06
1.0000000000e-06
9.0837968763e-01
4.3834015470e-01
2.3677824675e-01
1.3891227025e-01
8.6805256711e-02
5.7013866691e-02
3.8987297349e-02
2.7563300668e-02
2.0039833703e-02
1.4921610406e-02
1.1341542998e-02
8.7763844128e-03
6.8993367724e-03
5.5000871669e-03
4.4396719608e-03
1.0000000000e-06
1.0000000000e-06
1.0000000000e-06
1.0000000000e-06
1.0000000000e-06
8.1430342080e-01
3.9294349302e-01
2.1225632731e-01
1.2452583253e-01
7.7815277517e-02
5.1109230327e-02
3.4949581140e-02
2.4708709726e-02
1.7964409991e-02
1.3376255065e-02
1.0166957040e-02
7.8674588907e-03
6.1848075332e-03
4.9304710967e-03
3.9798777033e-03
1.0000000000e-06
1.0000000000e-06
1.0000000000e-06
1.0000000000e-06
7.5664913406e-01
6.5805844499e-01
3.1754721567e-01
1.7152951237e-01
1.0063236089e-01
6.2884422700e-02
4.1302614940e-02
2.8243608501e-02
1.9967710665e-02
1.4517477641e-02
1.0809677797e-02
8.2161658286e-03
6.3578853182e-03
4.9980937374e-03
3.9844338856e-03
3.2162361913e-03
1.0000000000e-06
1.0000000000e-06
1.0000000000e-06
1.0000000000e-06
7.0142597554e-01
4.2730458968e-01
2.0619655249e-01
1.1138121311e-01
6.5344757756e-02
4.0833458857e-02
2.6819497666e-02
1.8339744188e-02
1.2965861129e-02
9.4267992055e-03
7.0191712771e-03
5.3350965934e-03
4.1284381316e-03
3.2454691675e-03
2.5872578637e-03
2.0884353001e-03
1.0000000000e-06
1.0000000000e-06
1.0000000000e-06
1.0000000000e-06
3.9143872300e-01
1.6041453289e-01
7.7408304172e-02
4.1813651679e-02
2.4531093383e-02
1.5329299958e-02
1.0068314955e-02
6.8849283819e-03
4.8675174729e-03
3.5389172682e-03
2.6350690091e-03
2.0028500714e-03
1.5498580882e-03
1.2183824679e-03
9.7128318229e-04
7.8402006724e-04
1.0000000000e-06
1.0000000000e-06
1.0000000000e-06
1.0000000000e-06
1.0000000000e-06
1.0000000000e-06
1.0000000000e-06
1.0000000000e-06
1.0000000000e-06
1.0000000000e-06
1.0000000000e-06
1.0000000000e-06
1.0000000000e-06
1.0000000000e-06
1.0000000000e-06
1.0000000000e-06
1.0000000000e-06
1.0000000000e-06
1.0000000000e-06
1.0000000000e-06
1.0000000000e-06
1.0000000000e-06
1.0000000000e-06
1.0000000000e-06
1.0000000000e-06
8.0473600741e-01
3.8832671387e-01
2.0976247875e-01
1.2306274884e-01
7.6901006870e-02
5.0508735342e-02
3.4538949773e-02
2.4418400865e-02
1.7753341580e-02
1.3219094033e-02
1.0047502858e-02
7.7750220946e-03
6.1121406358e-03
4.8725417184e-03
3.9331170903e-03
1.0000000000e-06
1.0000000000e-06
1.0000000000e-06
1.0000000000e-06
1.0000000000e-06
8.0472362294e-01
3.8832073772e-01
2.0975925061e-01
1.2306085497e-01
7.6899823404e-02
5.0507958039e-02
3.4538418236e-02
2.4418025079e-02
1.7753068365e-02
1.3218890598e-02
1.0047348232e-02
7.7749024410e-03
6.1120465731e-03
4.8724667325e-03
3.9330565616e-03
1.0000000000e-06
1.0000000000e-06
1.0000000000e-06
1.0000000000e-06
1.0000000000e-06
8.0470035429e-01
3.8830950940e-01
2.0975318541e-01
1.2305729666e-01
7.6897599840e-02
5.0506497598e-02
3.4537419556e-02
2.4417319030e-02
1.7752555034e-02
1.3218508373e-02
1.0047057712e-02
7.7746776291e-03
6.1118698428e-03
4.8723258448e-03
3.9329428370e-03
1.0000000000e-06
1.0000000000e-06
1.0000000000e-06
1.0000000000e-06
1.0000000000e-06
8.0465663653e-01
3.8828841332e-01
2.0974178994e-01
1.2305061120e-01
7.6893422146e-02
5.0503753680e-02
3.4535543206e-02
2.4415992485e-02
1.7751590573e-02
1.3217790237e-02
1.0046511876e-02
7.7742552464e-03
6.1115377971e-03
4.8720611410e-03
3.9327291681e-03
1.0000000000e-06
1.0000000000e-06
1.0000000000e-06
1.0000000000e-06
1.0000000000e-06
8.0457450072e-01
3.8824877855e-01
2.0972038042e-01
1.2303805074e-01
7.6885573205e-02
5.0498598480e-02
3.4532017971e-02
2.4413500209e-02
1.7749778569e-02
1.3216441024e-02
1.0045486372e-02
7.7734616847e-03
6.1109139583e-03
4.8715638225e-03
3.9323277324e-03
1.0000000000e-06
1.0000000000e-06
1.0000000000e-06
1.0000000000e-06
1.0000000000e-06
8.0442019442e-01
3.8817431778e-01
2.0968015894e-01
1.2301445373e-01
7.6870827610e-02
5.0488913544e-02
3.4525395205e-02
2.4408818035e-02
1.7746374405e-02
1.3213906292e-02
1.0043559786e-02
7.7719708418e-03
6.1097419692e-03
4.8706295236e-03
3.9315735661e-03
1.0000000000e-06
1.0000000000e-06
1.0000000000e-06
1.0000000000e-06
1.0000000000e-06
8.0413033255e-01
3.8803444445e-01
2.0960460355e-01
1.2297012715e-01
7.6843128254e-02
5.0470720551e-02
3.4512954448e-02
2.4400022650e-02
1.7739979741e-02
1.3209144841e-02
1.0039940726e-02
7.7691703178e-03
6.1075404068e-03
4.8688744586e-03
3.9301568771e-03
1.0000000000e-06
1.0000000000e-06
1.0000000000e-06
1.0000000000e-06
1.0000000000e-06
8.0358593500e-01
3.8777174449e-01
2.0946270089e-01
1.2288687617e-01
7.6791105329e-02
5.0436551790e-02
3.4489589121e-02
2.4383503794e-02
1.7727969745e-02
1.3200202228e-02
1.0033143669e-02
7.7639105767e-03
6.1034055918e-03
4.8655782225e-03
3.9274961544e-03
1.0000000000e-06
1.0000000000e-06
1.0000000000e-06
1.0000000000e-06
1.0000000000e-06
8.0256385110e-01
3.8727853619e-01
2.0919628451e-01
1.2273057590e-01
7.6693434442e-02
5.0372401356e-02
3.4445721687e-02
2.4352490327e-02
1.7705421476e-02
1.3183412843e-02
1.0020382477e-02
7.7540356305e-03
6.0956426480e-03
4.8593896758e-03
3.9225007577e-03
1.0000000000e-06
1.0000000000e-06
1.0000000000e-06
1.0000000000e-06
1.0000000000e-06
8.0064621530e-01
3.8635317781e-01
2.0869643358e-01
1.2243732503e-01
7.6510184130e-02
5.0252042184e-02
3.4363417520e-02
2.4294302798e-02
1.7663116368e-02
1.3151912565e-02
9.9964399037e-03
7.7355082369e-03
6.0810777974e-03
4.8477787123e-03
3.9131283846e-03
1.0000000000e-06
1.0000000000e-06
1.0000000000e-06
1.0000000000e-06
1.0000000000e-06
7.9705286958e-01
3.8461920279e-01
2.0775979213e-01
1.2188781936e-01
7.6166802076e-02
5.0026508163e-02
3.4209192549e-02
2.4185268586e-02
1.7583843298e-02
1.3092886033e-02
9.9515753132e-03
7.7007908363e-03
6.0537855746e-03
4.8260216059e-03
3.8955660420e-03
1.0000000000e-06
1.0000000000e-06
1.0000000000e-06
1.0000000000e-06
1.0000000000e-06
7.9033543670e-01
3.8137769425e-01
2.0600882615e-01
1.2086056850e-01
7.5524880566e-02
4.9604892829e-02
3.3920882998e-02
2.3981439048e-02
1.7435649506e-02
1.2982541304e-02
9.8677050434e-03
7.6358898146e-03
6.0027652473e-03
4.7853486750e-03
3.8627348404e-03
1.0000000000e-06
1.0000000000e-06
1.0000000000e-06
1.0000000000e-06
1.0000000000e-06
7.7783369608e-01
3.7534495829e-01
2.0275012258e-01
1.1894876320e-01
7.4330207490e-02
4.8820229160e-02
3.3384313257e-02
2.3602094131e-02
1.7159847666e-02
1.2777179939e-02
9.7116150046e-03
7.5151032353e-03
5.9078118761e-03
4.7096527298e-03
3.8016330514e-03
1.0000000000e-06
1.0000000000e-06
1.0000000000e-06
1.0000000000e-06
1.0000000000e-06
7.5476190531e-01
3.6421162685e-01
1.9673622985e-01
1.1542055275e-01
7.2125454722e-02
4.7372143126e-02
3.2394081162e-02
2.2902018292e-02
1.6650859155e-02
1.2398188358e-02
9.4235529799e-03
7.2921932607e-03
5.7325767324e-03
4.5699569017e-03
3.6888705383e-03
1.0000000000e-06
1.0000000000e-06
1.0000000000e-06
1.0000000000e-06
8.8697184268e-01
7.1285715201e-01
3.4399041766e-01
1.8581333732e-01
1.0901234672e-01
6.8121013897e-02
4.4742018371e-02
3.0595545796e-02
2.1630486939e-02
1.5726395241e-02
1.1709834825e-02
8.9003526699e-03
6.8873270937e-03
5.4143012444e-03
4.3162306402e-03
3.4840626263e-03
1.0000000000e-06
1.0000000000e-06
1.0000000000e-06
1.0000000000e-06
8.6757072636e-01
6.3903016032e-01
3.0836507866e-01
1.6656959449e-01
9.7722492096e-02
6.1066066756e-02
4.0108314958e-02
2.7426920639e-02
1.9390327357e-02
1.4097692425e-02
1.0497106755e-02
7.9785883855e-03
6.1740416358e-03
4.8535695861e-03
3.8692205727e-03
3.1232359701e-03
1.0000000000e-06
1.0000000000e-06
1.0000000000e-06
1.0000000000e-06
8.4485628907e-01
5.1641585048e-01
2.4919733722e-01
1.3460894985e-01
7.8971928088e-02
4.9348977181e-02
3.2412507056e-02
2.2164363167e-02
1.5669796224e-02
1.1392688915e-02
8.4829678612e-03
6.4476917720e-03
4.9893935533e-03
3.9222879002e-03
3.1268114666e-03
2.5239631240e-03
1.0000000000e-06
1.0000000000e-06
1.0000000000e-06
1.0000000000e-06
8.1826268214e-01
3.3533018956e-01
1.6181414697e-01
8.7407163484e-02
5.1279742073e-02
3.2044333761e-02
2.1046782598e-02
1.4392238533e-02
1.0175047364e-02
7.3977445302e-03
5.5083421978e-03
4.1867531798e-03
3.2398197778e-03
2.5469039028e-03
2.0303681245e-03
1.6389137398e-03
1.0000000000e-06
1.0000000000e-06
1.0000000000e-06
9.7047129077e-01
3.0718421731e-01
1.2588639818e-01
6.0746693172e-02
3.2813547152e-02
1.9250941998e-02
1.2029772102e-02
7.9011784118e-03
5.4029942042e-03
3.8198173140e-03
2.7771892976e-03
2.0678882511e-03
1.5717501564e-03
1.2162616290e-03
9.5613389078e-04
7.6222105295e-04
6.1526505533e-04
1.0000000000e-06
1.0000000000e-06
1.0000000000e-06
1.0000000000e-06
1.0000000000e-06
1.0000000000e-06
1.0000000000e-06
1.0000000000e-06
1.0000000000e-06
1.0000000000e-06
1.0000000000e-06
1.0000000000e-06
1.0000000000e-06
1.0000000000e-06
1.0000000000e-06
1.0000000000e-06
1.0000000000e-06
1.0000000000e-06
1.0000000000e-06
1.0000000000e-06
1.0000000000e-06
1.0000000000e-06
1.0000000000e-06
1.0000000000e-06
1.0000000000e-06
6.3152235482e-01
3.0474216978e-01
1.6461260592e-01
9.6574372007e-02
6.0348614705e-02
3.9637090897e-02
2.7104687523e-02
1.9162514451e-02
1.3932061563e-02
1.0373778416e-02
7.8848495923e-03
6.1015040869e-03
4.7965459898e-03
3.8237618898e-03
3.0865417068e-03
1.0000000000e-06
1.0000000000e-06
1.0000000000e-06
1.0000000000e-06
1.0000000000e-06
6.3151263602e-01
3.0473747995e-01
1.6461007261e-01
9.6572885777e-02
6.0347685971e-02
3.9636480902e-02
2.7104270396e-02
1.9162219550e-02
1.3931847156e-02
1.0373618769e-02
7.8847282485e-03
6.1014101879e-03
4.7964721734e-03
3.8237030441e-03
3.0864942065e-03
1.0000000000e-06
1.0000000000e-06
1.0000000000e-06
1.0000000000e-06
1.0000000000e-06
6.3149437578e-01
3.0472866845e-01
1.6460531290e-01
9.6570093365e-02
6.0345941013e-02
3.9635334811e-02
2.7103486674e-02
1.9161665473e-02
1.3931444316e-02
1.0373318815e-02
7.8845002610e-03
6.1012337651e-03
4.7963334830e-03
3.8235924814e-03
3.0864049603e-03
1.0000000000e-06
1.0000000000e-06
1.0000000000e-06
1.0000000000e-06
1.0000000000e-06
6.3146006796e-01
3.0471211315e-01
1.6459637022e-01
9.6564846904e-02
6.0342662538e-02
3.9633181502e-02
2.7102014195e-02
1.9160624458e-02
1.3930687448e-02
1.0372755253e-02
7.8840719118e-03
6.1009022973e-03
4.7960729078e-03
3.8233847533e-03
3.0862372821e-03
1.0000000000e-06
1.0000000000e-06
1.0000000000e-06
1.0000000000e-06
1.0000000000e-06
6.3139561129e-01
3.0468100948e-01
1.6457956895e-01
9.6554989991e-02
6.0336503026e-02
3.9629135922e-02
2.7099247741e-02
1.9158668626e-02
1.3929265465e-02
1.0371696448e-02
7.8832671406e-03
6.1002795441e-03
4.7955833458e-03
3.8229944790e-03
3.0859222526e-03
1.0000000000e-06
1.0000000000e-06
1.0000000000e-06
1.0000000000e-06
1.0000000000e-06
6.3127451831e-01
3.0462257585e-01
1.6454800486e-01
9.6536472073e-02
6.0324931315e-02
3.9621535599e-02
2.7094050479e-02
1.9154994257e-02
1.3926594024e-02
1.0369707299e-02
7.8817552384e-03
6.0991095945e-03
4.7946636190e-03
3.8222612813e-03
3.0853304152e-03
1.0000000000e-06
1.0000000000e-06
1.0000000000e-06
1.0000000000e-06
1.0000000000e-06
6.3104704713e-01
3.0451280925e-01
1.6448871222e-01
9.6501686469e-02
6.0303194047e-02
3.9607258518e-02
2.7084287506e-02
1.9148092015e-02
1.3921575765e-02
1.0365970716e-02
7.8789151552e-03
6.0969118633e-03
4.7929359272e-03
3.8208839815e-03
3.0842186583e-03
1.0000000000e-06
1.0000000000e-06
1.0000000000e-06
1.0000000000e-06
1.0000000000e-06
6.3061982723e-01
3.0430665358e-01
1.6437735309e-01
9.6436354668e-02
6.0262368685e-02
3.9580444338e-02
2.7065951399e-02
1.9135128726e-02
1.3912150835e-02
1.0358952937e-02
7.8735811166e-03
6.0927842439e-03
4.7896911016e-03
3.8182972367e-03
3.0821306372e-03
1.0000000000e-06
1.0000000000e-06
1.0000000000e-06
1.0000000000e-06
1.0000000000e-06
6.2981773957e-01
3.0391960484e-01
1.6416828094e-01
9.6313696916e-02
6.0185720758e-02
3.9530101827e-02
2.7031526117e-02
1.9110790686e-02
1.3894455920e-02
1.0345777347e-02
7.8635666801e-03
6.0850348094e-03
4.7835990761e-03
3.8134407305e-03
3.0782104640e-03
1.0000000000e-06
1.0000000000e-06
1.0000000000e-06
1.0000000000e-06
1.0000000000e-06
6.2831286112e-01
3.0319342322e-01
1.6377601935e-01
9.6083566201e-02
6.0041913767e-02
3.9435649107e-02
2.6966937334e-02
1.9065127607e-02
1.3861256685e-02
1.0321057279e-02
7.8447775744e-03
6.0704953050e-03
4.7721692056e-03
3.8043289440e-03
3.0708554273e-03
1.0000000000e-06
1.0000000000e-06
1.0000000000e-06
1.0000000000e-06
1.0000000000e-06
6.2549295729e-01
3.0183267390e-01
1.6304098326e-01
9.5652337694e-02
5.9772442245e-02
3.9258659672e-02
2.6845908186e-02
1.8979562230e-02
1.3799046577e-02
1.0274735787e-02
7.8095697668e-03
6.0432505771e-03
4.7507514390e-03
3.7872548995e-03
3.0570732536e-03
1.0000000000e-06
1.0000000000e-06
1.0000000000e-06
1.0000000000e-06
1.0000000000e-06
6.2022140365e-01
2.9928887686e-01
1.6166690018e-01
9.4846195237e-02
5.9268689753e-02
3.8927794028e-02
2.6619655207e-02
1.8819605545e-02
1.3682750440e-02
1.0188141973e-02
7.7437519738e-03
5.9923190370e-03
4.7107128729e-03
3.7553365267e-03
3.0313087339e-03
1.0000000000e-06
1.0000000000e-06
1.0000000000e-06
1.0000000000e-06
1.0000000000e-06
6.1041057300e-01
2.9455464411e-01
1.5910960924e-01
9.3345892357e-02
5.8331161519e-02
3.8312023607e-02
2.6198578270e-02
1.8521911912e-02
1.3466312977e-02
1.0026983176e-02
7.6212592016e-03
5.8975309068e-03
4.6361975371e-03
3.6959335935e-03
2.9833586689e-03
1.0000000000e-06
1.0000000000e-06
1.0000000000e-06
1.0000000000e-06
8.0263880209e-01
5.9230481970e-01
2.8581768253e-01
1.5439016390e-01
9.0577103980e-02
5.6600966028e-02
3.7175627747e-02
2.5421486561e-02
1.7972522398e-02
1.3066880609e-02
9.7295668273e-03
7.3952004714e-03
5.7226007131e-03
4.4986805074e-03
3.5863062953e-03
2.8948674820e-03
1.0000000000e-06
1.0000000000e-06
1.0000000000e-06
1.0000000000e-06
7.0087433847e-01
5.5941976392e-01
2.6994894381e-01
1.4581834584e-01
8.5548218486e-02
5.3458452474e-02
3.5111618556e-02
2.4010073087e-02
1.6974679089e-02
1.2341400952e-02
9.1893764775e-03
6.9846152932e-03
5.4048790986e-03
4.2489115464e-03
3.3871928006e-03
2.7341430114e-03
1.0000000000e-06
1.0000000000e-06
1.0000000000e-06
1.0000000000e-06
8.3356008160e-01
5.0148350257e-01
2.4199170388e-01
1.3071668098e-01
7.6688424351e-02
4.7922032288e-02
3.1475286699e-02
2.1523471864e-02
1.5216697860e-02
1.1063264788e-02
8.2376794666e-03
6.2612541910e-03
4.8451232441e-03
3.8088733754e-03
3.0363984598e-03
2.4509817177e-03
1.0000000000e-06
1.0000000000e-06
1.0000000000e-06
1.0000000000e-06
9.8890588450e-01
4.0526104333e-01
1.9555939505e-01
1.0563533644e-01
6.1973785186e-02
3.8726962509e-02
2.5435946469e-02
1.7393642301e-02
1.2296984485e-02
8.9404939695e-03
6.6570695906e-03
5.0598721452e-03
3.9154622053e-03
3.0780434253e-03
2.4537876151e-03
1.9806980748e-03
1.0000000000e-06
1.0000000000e-06
1.0000000000e-06
1.0000000000e-06
6.4213752808e-01
2.6315277184e-01
1.2698481069e-01
6.8593396886e-02
4.0242144222e-02
2.5147019920e-02
1.6516613003e-02
1.1294411982e-02
7.9849410789e-03
5.8054328400e-03
4.3227108649e-03
3.2855844451e-03
2.5424716965e-03
1.9987010164e-03
1.5933458768e-03
1.2861492540e-03
1.0000000000e-06
1.0000000000e-06
1.0000000000e-06
7.6158437579e-01
2.4106502507e-01
9.8790254059e-02
4.7671402515e-02
2.5750665887e-02
1.5107314370e-02
9.4404496263e-03
6.2005062051e-03
4.2400382917e-03
2.9976289145e-03
2.1794191304e-03
1.6227900681e-03
1.2334421552e-03
9.5446999502e-04
7.5033289526e-04
5.9815841143e-04
4.8283364324e-04
1.0000000000e-06
1.0000000000e-06
1.0000000000e-06
1.0000000000e-06
1.0000000000e-06
1.0000000000e-06
1.0000000000e-06
1.0000000000e-06
1.0000000000e-06
1.0000000000e-06
1.0000000000e-06
1.0000000000e-06
1.0000000000e-06
1.0000000000e-06
1.0000000000e-06
1.0000000000e-06
1.0000000000e-06
1.0000000000e-06
1.0000000000e-06
1.0000000000e-06
1.0000000000e-06
1.0000000000e-06
1.0000000000e-06
1.0000000000e-06
1.0000000000e-06
4.9559189851e-01
2.3914869758e-01
1.2918097305e-01
7.5787460014e-02
4.7359026147e-02
3.1105503067e-02
2.1270605898e-02
1.5037926264e-02
1.0933289304e-02
8.1409000374e-03
6.1876945627e-03
4.7882008656e-03
3.7641252588e-03
3.0007256760e-03
2.4221866355e-03
1.0000000000e-06
1.0000000000e-06
1.0000000000e-06
1.0000000000e-06
1.0000000000e-06
4.9558427161e-01
2.3914501720e-01
1.2917898502e-01
7.5786293684e-02
4.7358297316e-02
3.1105024369e-02
2.1270278555e-02
1.5037694838e-02
1.0933121046e-02
8.1407747532e-03
6.1875993373e-03
4.7881271777e-03
3.7640673308e-03
3.0006794964e-03
2.4221493593e-03
1.0000000000e-06
1.0000000000e-06
1.0000000000e-06
1.0000000000e-06
1.0000000000e-06
4.9556994175e-01
2.3913810231e-01
1.2917524981e-01
7.5784102318e-02
4.7356927947e-02
3.1104124965e-02
2.1269663523e-02
1.5037260022e-02
1.0932804914e-02
8.1405393621e-03
6.1874204224e-03
4.7879887286e-03
3.7639584925e-03
3.0005927315e-03
2.4220793226e-03
1.0000000000e-06
1.0000000000e-06
1.0000000000e-06
1.0000000000e-06
1.0000000000e-06
4.9554301842e-01
2.3912511041e-01
1.2916823197e-01
7.5779985118e-02
4.7354355139e-02
3.1102435140e-02
2.1268507985e-02
1.5036443078e-02
1.0932210957e-02
8.1400971028e-03
6.1870842722e-03
4.7877286067e-03
3.7637540042e-03
3.0004297153e-03
2.4219477359e-03
1.0000000000e-06
1.0000000000e-06
1.0000000000e-06
1.0000000000e-06
1.0000000000e-06
4.9549243558e-01
2.3910070157e-01
1.2915504705e-01
7.5772249832e-02
4.7349521416e-02
3.1099260341e-02
2.1266336989e-02
1.5034908224e-02
1.0931095045e-02
8.1392661976e-03
6.1864527219e-03
4.7872398965e-03
3.7633698168e-03
3.0001234447e-03
2.4217005142e-03
1.0000000000e-06
1.0000000000e-06
1.0000000000e-06
1.0000000000e-06
1.0000000000e-06
4.9539740695e-01
2.3905484535e-01
1.2913027689e-01
7.5757717757e-02
4.7340440429e-02
3.1093295931e-02
2.1262258399e-02
1.5032024736e-02
1.0928998611e-02
8.1377051984e-03
6.1852662455e-03
4.7863217698e-03
3.7626480542e-03
2.9995480623e-03
2.4212360653e-03
1.0000000000e-06
1.0000000000e-06
1.0000000000e-06
1.0000000000e-06
1.0000000000e-06
4.9521889724e-01
2.3896870519e-01
1.2908374655e-01
7.5730419495e-02
4.7323381946e-02
3.1082091885e-02
2.1254596833e-02
1.5026608150e-02
1.0925060495e-02
8.1347728870e-03
6.1830374689e-03
4.7845970839e-03
3.7612922352e-03
2.9984672160e-03
2.4203636059e-03
1.0000000000e-06
1.0000000000e-06
1.0000000000e-06
1.0000000000e-06
1.0000000000e-06
4.9488363323e-01
2.3880692298e-01
1.2899635664e-01
7.5679149876e-02
4.7291343938e-02
3.1061049257e-02
2.1240207436e-02
1.5016435112e-02
1.0917664211e-02
8.1292656324e-03
6.1788515424e-03
4.7813579038e-03
3.7587458342e-03
2.9964372487e-03
2.4187250157e-03
1.0000000000e-06
1.0000000000e-06
1.0000000000e-06
1.0000000000e-06
1.0000000000e-06
4.9425418893e-01
2.3850318359e-01
1.2883228570e-01
7.5582893289e-02
4.7231193905e-02
3.1021542595e-02
2.1213191939e-02
1.4997335653e-02
1.0903777994e-02
8.1189259898e-03
6.1709926386e-03
4.7752764772e-03
3.7539650716e-03
2.9926260692e-03
2.4156486305e-03
1.0000000000e-06
1.0000000000e-06
1.0000000000e-06
1.0000000000e-06
9.1430348116e-01
4.9307322428e-01
2.3793330713e-01
1.2852445549e-01
7.5402296490e-02
4.7118340295e-02
3.0947420118e-02
2.1162505409e-02
1.4961501211e-02
1.0877724647e-02
8.0995267318e-03
6.1562477477e-03
4.7638664926e-03
3.7449953955e-03
2.9854755268e-03
2.4098767106e-03
1.0000000000e-06
1.0000000000e-06
1.0000000000e-06
1.0000000000e-06
8.5049723063e-01
4.9086028363e-01
2.3686544892e-01
1.2794763043e-01
7.5063886698e-02
4.6906870506e-02
3.0808526338e-02
2.1067526882e-02
1.4894353143e-02
1.0828904800e-02
8.0631755955e-03
6.1286181579e-03
4.7424859891e-03
3.7281876433e-03
2.9720765429e-03
2.3990610470e-03
1.0000000000e-06
1.0000000000e-06
1.0000000000e-06
1.0000000000e-06
7.8810564842e-01
4.8672339242e-01
2.3486918516e-01
1.2686930846e-01
7.4431260381e-02
4.6511546975e-02
3.0548877052e-02
2.0889973167e-02
1.4768825940e-02
1.0737640539e-02
7.9952204535e-03
6.0769671536e-03
4.7025170829e-03
3.6967670798e-03
2.9470283617e-03
2.3788421478e-03
1.0000000000e-06
1.0000000000e-06
1.0000000000e-06
1.0000000000e-06
7.2256997895e-01
4.7902426959e-01
2.3115396060e-01
1.2486245527e-01
7.3253886487e-02
4.5775814691e-02
3.0065646617e-02
2.0559529897e-02
1.4535208639e-02
1.0567789624e-02
7.8687498846e-03
5.9808400365e-03
4.6281313903e-03
3.6382906140e-03
2.9004114666e-03
2.3412129766e-03
1.0000000000e-06
1.0000000000e-06
1.0000000000e-06
1.0000000000e-06
6.3981703005e-01
4.6481564405e-01
2.2429756463e-01
1.2115883526e-01
7.1081059120e-02
4.4418030856e-02
2.9173851480e-02
1.9949701377e-02
1.4104071117e-02
1.0254332092e-02
7.6353501851e-03
5.8034387608e-03
4.4908536154e-03
3.5303730987e-03
2.8143806263e-03
2.2717688573e-03
1.0000000000e-06
1.0000000000e-06
1.0000000000e-06
1.0000000000e-06
5.5967249586e-01
4.3900885020e-01
2.1184445320e-01
1.1443203696e-01
6.7134603653e-02
4.1951919872e-02
2.7554104854e-02
1.8842084115e-02
1.3321006131e-02
9.6850065157e-03
7.2114317764e-03
5.4812289780e-03
4.2415192074e-03
3.3343650428e-03
2.6581248256e-03
2.1456391297e-03
1.0000000000e-06
1.0000000000e-06
1.0000000000e-06
1.0000000000e-06
9.6031172852e-01
3.9354293512e-01
1.8990480002e-01
1.0258089257e-01
6.0181814008e-02
3.7607172778e-02
2.4700466276e-02
1.6890705240e-02
1.1941417239e-02
8.6819796211e-03
6.4645804440e-03
4.9135659546e-03
3.8022466233e-03
2.9890418043e-03
2.3828363490e-03
1.9234261916e-03
1.0000000000e-06
1.0000000000e-06
1.0000000000e-06
1.0000000000e-06
7.7605131779e-01
3.1803163945e-01
1.5346669829e-01
8.2898119944e-02
4.8634390979e-02
3.0391273089e-02
1.9961048932e-02
1.3649790657e-02
9.6501503720e-03
7.0161193764e-03
5.2241850468e-03
3.9707724282e-03
3.0726881854e-03
2.4155175473e-03
1.9256281411e-03
1.5543675937e-03
1.0000000000e-06
1.0000000000e-06
1.0000000000e-06
9.5633355547e-01
5.0392224649e-01
2.0651110891e-01
9.9652280192e-02
5.3829180976e-02
3.1580323359e-02
1.9734311711e-02
1.2961535390e-02
8.8633741279e-03
6.2662421194e-03
4.5558567542e-03
3.3922796141e-03
2.5783869139e-03
1.9952236374e-03
1.5684955375e-03
1.2503900664e-03
1.0093152240e-03
1.0000000000e-06
1.0000000000e-06
1.0000000000e-06
5.9765908595e-01
1.8917758841e-01
7.7526391885e-02
3.7410489765e-02
2.0208027554e-02
1.1855577830e-02
7.4084633571e-03
4.8658935461e-03
3.3274017057e-03
2.3524116681e-03
1.7103154303e-03
1.2734966178e-03
9.6795293659e-04
7.4902745148e-04
5.8882933877e-04
4.6940927684e-04
3.7890730433e-04
1.0000000000e-06
1.0000000000e-06
1.0000000000e-06
1.0000000000e-06
1.0000000000e-06
1.0000000000e-06
1.0000000000e-06
1.0000000000e-06
1.0000000000e-06
1.0000000000e-06
1.0000000000e-06
1.0000000000e-06
1.0000000000e-06
1.0000000000e-06
1.0000000000e-06
1.0000000000e-06
1.0000000000e-06
1.0000000000e-06
1.0000000000e-06
1.0000000000e-06
1.0000000000e-06
1.0000000000e-06
1.0000000000e-06
1.0000000000e-06
9.4903000628e-01
3.8891959409e-01
1.8767379730e-01
1.0137577105e-01
5.9474797137e-02
3.7165363043e-02
2.4410284714e-02
1.6692272881e-02
1.1801129207e-02
8.5799835271e-03
6.3886344019e-03
4.8558412645e-03
3.7575777376e-03
2.9539264676e-03
2.3548427282e-03
1.9008297323e-03
1.0000000000e-06
1.0000000000e-06
1.0000000000e-06
1.0000000000e-06
9.4901540121e-01
3.8891360882e-01
1.8767090910e-01
1.0137421093e-01
5.9473881850e-02
3.7164791087e-02
2.4409909052e-02
1.6692015996e-02
1.1800947594e-02
8.5798514856e-03
6.3885360841e-03
4.8557665356e-03
3.7575199104e-03
2.9538810082e-03
2.3548064884e-03
1.9008004795e-03
1.0000000000e-06
1.0000000000e-06
1.0000000000e-06
1.0000000000e-06
9.4898796035e-01
3.8890236335e-01
1.8766548258e-01
1.0137127969e-01
5.9472162159e-02
3.7163716464e-02
2.4409203238e-02
1.6691533345e-02
1.1800606368e-02
8.5796033986e-03
6.3883513591e-03
4.8556261307e-03
3.7574112614e-03
2.9537955965e-03
2.3547383990e-03
1.9007455178e-03
1.0000000000e-06
1.0000000000e-06
1.0000000000e-06
1.0000000000e-06
9.4893640374e-01
3.8888123506e-01
1.8765528709e-01
1.0136577239e-01
5.9468931155e-02
3.7161697434e-02
2.4407877134e-02
1.6690626527e-02
1.1799965265e-02
8.5791372858e-03
6.3880042927e-03
4.8553623343e-03
3.7572071288e-03
2.9536351226e-03
2.3546104708e-03
1.9006422540e-03
1.0000000000e-06
1.0000000000e-06
1.0000000000e-06
1.0000000000e-06
9.4883954049e-01
3.8884153978e-01
1.8763613206e-01
1.0135542542e-01
5.9462860829e-02
3.7157904132e-02
2.4405385686e-02
1.6688922822e-02
1.1798760776e-02
8.5782615653e-03
6.3873522334e-03
4.8548667203e-03
3.7568236096e-03
2.9533336286e-03
2.3543701225e-03
1.9004482449e-03
1.0000000000e-06
1.0000000000e-06
1.0000000000e-06
1.0000000000e-06
9.4865756613e-01
3.8876696533e-01
1.8760014604e-01
1.0133598684e-01
5.9451456671e-02
3.7150777757e-02
2.4400705069e-02
1.6685722116e-02
1.1796497937e-02
8.5766163728e-03
6.3861272272e-03
4.8539356237e-03
3.7561031026e-03
2.9527672199e-03
2.3539185867e-03
1.9000837651e-03
1.0000000000e-06
1.0000000000e-06
1.0000000000e-06
1.0000000000e-06
9.4831573028e-01
3.8862687844e-01
1.8753254687e-01
1.0129947180e-01
5.9430034147e-02
3.7137390980e-02
2.4391912607e-02
1.6679709643e-02
1.1792247229e-02
8.5735259058e-03
6.3838260731e-03
4.8521865740e-03
3.7547496420e-03
2.9517032304e-03
2.3530703842e-03
1.8993990957e-03
1.0000000000e-06
1.0000000000e-06
1.0000000000e-06
1.0000000000e-06
9.4767371896e-01
3.8836377740e-01
1.8740558703e-01
1.0123089189e-01
5.9389799916e-02
3.7112248905e-02
2.4375399242e-02
1.6668417452e-02
1.1784263858e-02
8.5677216146e-03
6.3795042124e-03
4.8489016357e-03
3.7522076703e-03
2.9497049224e-03
2.3514773517e-03
1.8981131994e-03
1.0000000000e-06
1.0000000000e-06
1.0000000000e-06
1.0000000000e-06
9.4646836931e-01
3.8786981610e-01
1.8716722518e-01
1.0110213595e-01
5.9314261813e-02
3.7065045700e-02
2.4344396083e-02
1.6647216831e-02
1.1769275410e-02
8.5568242983e-03
6.3713900977e-03
4.8427343000e-03
3.7474352236e-03
2.9459531820e-03
2.3484864990e-03
1.8956989823e-03
1.0000000000e-06
1.0000000000e-06
1.0000000000e-06
1.0000000000e-06
9.4420688988e-01
3.8694304492e-01
1.8672001021e-01
1.0086056380e-01
5.9172537074e-02
3.6976482954e-02
2.4286227894e-02
1.6607440184e-02
1.1741154054e-02
8.5363787317e-03
6.3561663796e-03
4.8311631326e-03
3.7384811498e-03
2.9389141591e-03
2.3428750554e-03
1.8911694234e-03
1.0000000000e-06
1.0000000000e-06
1.0000000000e-06
1.0000000000e-06
9.3996923570e-01
3.8520642254e-01
1.8588200019e-01
1.0040789585e-01
5.8906967365e-02
3.6810530397e-02
2.4177229923e-02
1.6532905049e-02
1.1688459087e-02
8.4980669788e-03
6.3276395437e-03
4.8094805979e-03
3.7217026339e-03
2.9257241453e-03
2.3323600990e-03
1.8826817475e-03
1.0000000000e-06
1.0000000000e-06
1.0000000000e-06
1.0000000000e-06
9.3204732676e-01
3.8195996501e-01
1.8431541670e-01
9.9561674320e-02
5.8410508955e-02
3.6500297190e-02
2.3973468133e-02
1.6393568395e-02
1.1589950641e-02
8.4264466424e-03
6.2743112193e-03
4.7689470720e-03
3.6903367251e-03
2.9010666146e-03
2.3127033447e-03
1.8668148098e-03
1.0000000000e-06
1.0000000000e-06
1.0000000000e-06
1.0000000000e-06
9.1730394896e-01
3.7591801853e-01
1.8139986538e-01
9.7986780711e-02
5.7486555658e-02
3.5922925574e-02
2.3594249302e-02
1.6134250477e-02
1.1406617654e-02
8.2931548205e-03
6.1750624601e-03
4.6935105718e-03
3.6319619763e-03
2.8551767549e-03
2.2761203750e-03
1.8372850260e-03
1.0000000000e-06
1.0000000000e-06
1.0000000000e-06
1.0000000000e-06
8.9009524758e-01
3.6476768921e-01
1.7601925541e-01
9.5080336167e-02
5.5781412527e-02
3.4857394181e-02
2.2894406153e-02
1.5655682818e-02
1.1068279141e-02
8.0471665922e-03
5.9919002370e-03
4.5542935458e-03
3.5242321786e-03
2.7704876485e-03
2.2086070064e-03
1.7827882153e-03
1.0000000000e-06
1.0000000000e-06
1.0000000000e-06
1.0000000000e-06
8.4067672034e-01
3.4451560717e-01
1.6624657952e-01
8.9801429000e-02
5.2684400987e-02
3.2922094461e-02
2.1623297430e-02
1.4786471585e-02
1.0453762823e-02
7.6003839334e-03
5.6592269800e-03
4.3014369216e-03
3.3285650695e-03
2.6166688076e-03
2.0859840559e-03
1.6838069342e-03
1.0000000000e-06
1.0000000000e-06
1.0000000000e-06
1.0000000000e-06
7.5361210568e-01
3.0883587695e-01
1.4902926633e-01
8.0501151472e-02
4.7228145379e-02
2.9512520485e-02
1.9383882429e-02
1.3255111884e-02
9.3711197456e-03
6.8132508033e-03
5.0731296083e-03
3.8559589644e-03
2.9838425048e-03
2.3456737201e-03
1.8699492906e-03
1.5094236090e-03
1.0000000000e-06
1.0000000000e-06
1.0000000000e-06
1.0000000000e-06
6.0901231376e-01
2.4957780080e-01
1.2043418308e-01
6.5054942918e-02
3.8166215583e-02
2.3849787244e-02
1.5664587921e-02
1.0711779040e-02
7.5730303105e-03
5.5059540638e-03
4.0997197065e-03
3.1160944376e-03
2.4113158666e-03
1.8955961147e-03
1.5111516063e-03
1.2198020143e-03
1.0000000000e-06
1.0000000000e-06
1.0000000000e-06
8.6044631963e-01
3.9545690632e-01
1.6206119771e-01
7.8202900632e-02
4.2242867486e-02
2.4782903727e-02
1.5486654156e-02
1.0171665397e-02
6.9556015611e-03
4.9174820779e-03
3.5752439011e-03
2.6621177197e-03
2.0234091139e-03
1.5657672124e-03
1.2308890284e-03
9.8125329443e-04
7.9206794351e-04
1.0000000000e-06
1.0000000000e-06
1.0000000000e-06
4.6901763861e-01
1.4845858538e-01
6.0839438562e-02
2.9358172317e-02
1.5858406437e-02
9.3037566671e-03
5.8138490729e-03
3.8185476889e-03
2.6112042846e-03
1.8460732919e-03
1.3421832909e-03
9.9938634130e-04
7.5960856889e-04
5.8780509747e-04
4.6208838684e-04
3.6837256766e-04
2.9735044332e-04
1.0000000000e-06
1.0000000000e-06
1.0000000000e-06
1.0000000000e-06
1.0000000000e-06
1.0000000000e-06
1.0000000000e-06
1.0000000000e-06
1.0000000000e-06
1.0000000000e-06
1.0000000000e-06
1.0000000000e-06
1.0000000000e-06
1.0000000000e-06
1.0000000000e-06
1.0000000000e-06
1.0000000000e-06
1.0000000000e-06
1.0000000000e-06
1.0000000000e-06
1.0000000000e-06
1.0000000000e-06
1.0000000000e-06
1.0000000000e-06
7.4475892032e-01
3.0520777118e-01
1.4727851676e-01
7.9555448568e-02
4.6673323437e-02
2.9165816278e-02
1.9156166386e-02
1.3099394787e-02
9.2610306211e-03
6.7332107573e-03
5.0135319866e-03
3.8106603008e-03
2.9487892061e-03
2.3181174387e-03
1.8479816787e-03
1.4916913461e-03
1.0000000000e-06
1.0000000000e-06
1.0000000000e-06
1.0000000000e-06
7.4474745887e-01
3.0520307420e-01
1.4727625022e-01
7.9554224251e-02
4.6672605158e-02
2.9165367431e-02
1.9155871582e-02
1.3099193194e-02
9.2608880987e-03
6.7331071366e-03
5.0134548309e-03
3.8106016567e-03
2.9487438257e-03
2.3180817641e-03
1.8479532392e-03
1.4916683897e-03
1.0000000000e-06
1.0000000000e-06
1.0000000000e-06
1.0000000000e-06
7.4472592444e-01
3.0519424923e-01
1.4727199172e-01
7.9551923935e-02
4.6671255617e-02
2.9164524112e-02
1.9155317689e-02
1.3098814430e-02
9.2606203194e-03
6.7329124484e-03
5.0133098665e-03
3.8104914729e-03
2.9486585626e-03
2.3180147366e-03
1.8478998055e-03
1.4916252580e-03
1.0000000000e-06
1.0000000000e-06
1.0000000000e-06
1.0000000000e-06
7.4468546496e-01
3.0517766863e-01
1.4726399072e-01
7.9547602037e-02
4.6668720060e-02
2.9162939662e-02
1.9154277019e-02
1.3098102798e-02
9.2601172084e-03
6.7325466626e-03
5.0130375034e-03
3.8102844565e-03
2.9484983678e-03
2.3178888034e-03
1.8477994128e-03
1.4915442210e-03
1.0000000000e-06
1.0000000000e-06
1.0000000000e-06
1.0000000000e-06
7.4460945076e-01
3.0514651744e-01
1.4724895866e-01
7.9539482169e-02
4.6663956323e-02
2.9159962838e-02
1.9152321834e-02
1.3096765801e-02
9.2591719765e-03
6.7318594340e-03
5.0125257946e-03
3.8098955194e-03
2.9481973981e-03
2.3176522036e-03
1.8476107976e-03
1.4913919707e-03
1.0000000000e-06
1.0000000000e-06
1.0000000000e-06
1.0000000000e-06
7.4446664492e-01
3.0508799454e-01
1.4722071834e-01
7.9524227592e-02
4.6655006819e-02
2.9154370358e-02
1.9148648683e-02
1.3094254022e-02
9.2573961948e-03
6.7305683560e-03
5.0115644612e-03
3.8091648339e-03
2.9476319745e-03
2.3172077098e-03
1.8472564513e-03
1.4911059423e-03
1.0000000000e-06
1.0000000000e-06
1.0000000000e-06
1.0000000000e-06
7.4419838648e-01
3.0497806023e-01
1.4716766936e-01
7.9495572118e-02
4.6638195322e-02
2.9143864978e-02
1.9141748728e-02
1.3089535686e-02
9.2540604180e-03
6.7281430873e-03
5.0097586122e-03
3.8077922532e-03
2.9465698354e-03
2.3163727355e-03
1.8465908176e-03
1.4905686426e-03
1.0000000000e-06
1.0000000000e-06
1.0000000000e-06
1.0000000000e-06
7.4369456295e-01
3.0477158958e-01
1.4706803660e-01
7.9441753485e-02
4.6606621187e-02
2.9124134533e-02
1.9128789732e-02
1.3080674048e-02
9.2477954038e-03
6.7235881233e-03
5.0063669973e-03
3.8052143716e-03
2.9445750028e-03
2.3148045474e-03
1.8453406725e-03
1.4895595251e-03
1.0000000000e-06
1.0000000000e-06
1.0000000000e-06
1.0000000000e-06
7.4274865513e-01
3.0438394948e-01
1.4688098023e-01
7.9340711229e-02
4.6547342055e-02
2.9087091440e-02
1.9104459755e-02
1.3064036691e-02
9.2360330991e-03
6.7150363671e-03
4.9999993809e-03
3.8003745055e-03
2.9408297871e-03
2.3118603390e-03
1.8429935770e-03
1.4876649489e-03
1.0000000000e-06
1.0000000000e-06
1.0000000000e-06
1.0000000000e-06
7.4097394099e-01
3.0365665837e-01
1.4653002469e-01
7.9151135548e-02
4.6436122431e-02
2.9017591116e-02
1.9058811803e-02
1.3032821649e-02
9.2139646397e-03
6.6989915450e-03
4.9880524463e-03
3.7912939393e-03
2.9338030060e-03
2.3063364095e-03
1.8385899517e-03
1.4841103413e-03
1.0000000000e-06
1.0000000000e-06
1.0000000000e-06
1.0000000000e-06
7.3764840783e-01
3.0229383003e-01
1.4587238962e-01
7.8795900753e-02
4.6227714475e-02
2.8887358517e-02
1.8973274772e-02
1.2974329605e-02
9.1726118427e-03
6.6689260902e-03
4.9656657834e-03
3.7742783966e-03
2.9206359313e-03
2.2959854406e-03
1.8303382555e-03
1.4774495698e-03
1.0000000000e-06
1.0000000000e-06
1.0000000000e-06
1.0000000000e-06
7.3143162615e-01
2.9974614644e-01
1.4464300067e-01
7.8131821624e-02
4.5838114761e-02
2.8643900524e-02
1.8813371076e-02
1.2864984050e-02
9.0953065512e-03
6.6127214579e-03
4.9238159539e-03
3.7424693877e-03
2.8960212833e-03
2.2766352460e-03
1.8149124602e-03
1.4649978634e-03
1.0000000000e-06
1.0000000000e-06
1.0000000000e-06
1.0000000000e-06
7.1986164201e-01
2.9500468047e-01
1.4235499840e-01
7.6895911246e-02
4.5113035011e-02
2.8190803525e-02
1.8515776062e-02
1.2661482238e-02
8.9514345216e-03
6.5081196337e-03
4.8459296957e-03
3.6832699903e-03
2.8502112320e-03
2.2406228113e-03
1.7862036820e-03
1.4418241292e-03
1.0000000000e-06
1.0000000000e-06
1.0000000000e-06
1.0000000000e-06
6.9850939503e-01
2.8625437010e-01
1.3813252159e-01
7.4615055603e-02
4.3774910281e-02
2.7354619230e-02
1.7966568547e-02
1.2285922435e-02
8.6859206651e-03
6.3150784024e-03
4.7021916749e-03
3.5740183149e-03
2.7656694109e-03
2.1741623571e-03
1.7332220256e-03
1.3990573208e-03
1.0000000000e-06
1.0000000000e-06
1.0000000000e-06
1.0000000000e-06
6.5972780885e-01
2.7036138626e-01
1.3046333585e-01
7.0472390909e-02
4.1344505668e-02
2.5835877277e-02
1.6969055799e-02
1.1603801961e-02
8.2036740651e-03
5.9644621343e-03
4.4411236736e-03
3.3755870550e-03
2.6121180809e-03
2.0534517906e-03
1.6369926837e-03
1.3213809682e-03
1.0000000000e-06
1.0000000000e-06
1.0000000000e-06
1.0000000000e-06
5.9140315317e-01
2.4236143177e-01
1.1695191132e-01
6.3173923604e-02
3.7062665376e-02
2.3160186795e-02
1.5211656946e-02
1.0402055176e-02
7.3540612426e-03
5.3467531092e-03
3.9811790695e-03
3.0259946623e-03
2.3415942890e-03
1.8407862266e-03
1.4674576725e-03
1.1845322581e-03
1.0000000000e-06
1.0000000000e-06
1.0000000000e-06
8.9366006181e-01
4.7792730498e-01
1.9585818117e-01
9.4511690531e-02
5.1052387684e-02
2.9951243384e-02
1.8716311535e-02
1.2292910799e-02
8.4061543632e-03
5.9429961634e-03
4.3208415278e-03
3.2172878571e-03
2.4453800526e-03
1.8922994271e-03
1.4875842234e-03
1.1858883181e-03
9.5724939366e-04
1.0000000000e-06
1.0000000000e-06
1.0000000000e-06
9.8043499614e-01
3.1033798367e-01
1.2717882488e-01
6.1370353119e-02
3.3150428715e-02
1.9448582207e-02
1.2153275871e-02
7.9822958661e-03
5.4584640138e-03
3.8590334284e-03
2.8057012719e-03
2.0891181902e-03
1.5878864985e-03
1.2287483527e-03
9.6595001710e-04
7.7004637659e-04
6.2158165813e-04
1.0000000000e-06
1.0000000000e-06
1.0000000000e-06
3.6806537009e-01
1.1650406733e-01
4.7744237437e-02
2.3039061051e-02
1.2445011512e-02
7.3011975661e-03
4.5624646188e-03
2.9966358744e-03
2.0491634685e-03
1.4487207949e-03
1.0532890819e-03
7.8427643122e-04
5.9610890471e-04
4.6128475516e-04
3.6262756013e-04
2.8908332086e-04
2.3334814029e-04
1.0000000000e-06
1.0000000000e-06
1.0000000000e-06
1.0000000000e-06
1.0000000000e-06
1.0000000000e-06
1.0000000000e-06
1.0000000000e-06
1.0000000000e-06
1.0000000000e-06
1.0000000000e-06
1.0000000000e-06
1.0000000000e-06
1.0000000000e-06
1.0000000000e-06
1.0000000000e-06
1.0000000000e-06
1.0000000000e-06
1.0000000000e-06
1.0000000000e-06
1.0000000000e-06
1.0000000000e-06
1.0000000000e-06
1.0000000000e-06
5.8445570796e-01
2.3951431422e-01
1.1557802935e-01
6.2431793443e-02
3.6627274861e-02
2.2888114431e-02
1.5032959257e-02
1.0279857880e-02
7.2676700023e-03
5.2839425564e-03
3.9344104866e-03
2.9904470309e-03
2.3140865959e-03
1.8191617361e-03
1.4502188294e-03
1.1706170588e-03
1.0000000000e-06
1.0000000000e-06
1.0000000000e-06
1.0000000000e-06
5.8444671349e-01
2.3951062822e-01
1.1557625066e-01
6.2430832649e-02
3.6626711186e-02
2.2887762194e-02
1.5032727907e-02
1.0279699678e-02
7.2675581566e-03
5.2838612393e-03
3.9343499380e-03
2.9904010094e-03
2.3140509833e-03
1.8191337401e-03
1.4501965113e-03
1.1705990436e-03
1.0000000000e-06
1.0000000000e-06
1.0000000000e-06
1.0000000000e-06
5.8442981419e-01
2.3950370276e-01
1.1557290877e-01
6.2429027458e-02
3.6625652122e-02
2.2887100393e-02
1.5032293235e-02
1.0279402440e-02
7.2673480146e-03
5.2837084561e-03
3.9342361760e-03
2.9903145418e-03
2.3139840724e-03
1.8190811398e-03
1.4501545787e-03
1.1705651956e-03
1.0000000000e-06
1.0000000000e-06
1.0000000000e-06
1.0000000000e-06
5.8439806328e-01
2.3949069099e-01
1.1556662992e-01
6.2425635813e-02
3.6623662324e-02
2.2885856983e-02
1.5031476560e-02
1.0278843980e-02
7.2669531941e-03
5.2834214027e-03
3.9340224368e-03
2.9901520839e-03
2.3138583582e-03
1.8189823127e-03
1.4500757947e-03
1.1705016011e-03
1.0000000000e-06
1.0000000000e-06
1.0000000000e-06
1.0000000000e-06
5.8433841049e-01
2.3946624484e-01
1.1555483339e-01
6.2419263679e-02
3.6619923942e-02
2.2883520895e-02
1.5029942214e-02
1.0277794761e-02
7.2662114155e-03
5.2828820944e-03
3.9336208692e-03
2.9898468624e-03
2.3136221698e-03
1.8187966390e-03
1.4499277774e-03
1.1703821215e-03
1.0000000000e-06
1.0000000000e-06
1.0000000000e-06
1.0000000000e-06
5.8422634244e-01
2.3942031851e-01
1.1553267156e-01
6.2407292524e-02
3.6612900745e-02
2.2879132151e-02
1.5027059678e-02
1.0275823622e-02
7.2648178562e-03
5.2818689103e-03
3.9328664548e-03
2.9892734509e-03
2.3131784489e-03
1.8184478189e-03
1.4496497012e-03
1.1701576583e-03
1.0000000000e-06
1.0000000000e-06
1.0000000000e-06
1.0000000000e-06
5.8401582442e-01
2.3933404666e-01
1.1549104094e-01
6.2384804905e-02
3.6599707784e-02
2.2870887967e-02
1.5021644881e-02
1.0272120868e-02
7.2622000779e-03
5.2799656607e-03
3.9314492999e-03
2.9881963069e-03
2.3123449265e-03
1.8177925659e-03
1.4491273397e-03
1.1697360079e-03
1.0000000000e-06
1.0000000000e-06
1.0000000000e-06
1.0000000000e-06
5.8362044475e-01
2.3917201711e-01
1.1541285331e-01
6.2342570289e-02
3.6574929721e-02
2.2855404338e-02
1.5011475203e-02
1.0265166626e-02
7.2572835565e-03
5.2763911153e-03
3.9287877023e-03
2.9861732931e-03
2.3107794652e-03
1.8165619174e-03
1.4481462781e-03
1.1689440947e-03
1.0000000000e-06
1.0000000000e-06
1.0000000000e-06
1.0000000000e-06
5.8287813578e-01
2.3886781336e-01
1.1526605928e-01
6.2263276547e-02
3.6528409935e-02
2.2826334466e-02
1.4992382053e-02
1.0252110323e-02
7.2480529911e-03
5.2696800542e-03
3.9237906629e-03
2.9823751684e-03
2.3078403764e-03
1.8142514256e-03
1.4463043755e-03
1.1674573105e-03
1.0000000000e-06
1.0000000000e-06
1.0000000000e-06
1.0000000000e-06
5.8148541421e-01
2.3829706565e-01
1.1499064403e-01
6.2114505470e-02
3.6441129419e-02
2.2771793514e-02
1.4956559447e-02
1.0227614061e-02
7.2307345860e-03
5.2570887480e-03
3.9144152076e-03
2.9752491193e-03
2.3023260521e-03
1.8099164765e-03
1.4428485943e-03
1.1646678029e-03
1.0000000000e-06
1.0000000000e-06
1.0000000000e-06
1.0000000000e-06
5.7887567462e-01
2.3722757488e-01
1.1447455949e-01
6.1835732039e-02
3.6277579559e-02
2.2669592411e-02
1.4889433558e-02
1.0181711948e-02
7.1982826382e-03
5.2334946349e-03
3.8968470897e-03
2.9618960321e-03
2.2919930819e-03
1.8017934685e-03
1.4363730079e-03
1.1594407076e-03
1.0000000000e-06
1.0000000000e-06
1.0000000000e-06
1.0000000000e-06
5.7399700390e-01
2.3522825918e-01
1.1350978638e-01
6.1314590474e-02
3.5971837976e-02
2.2478536746e-02
1.4763947816e-02
1.0095902124e-02
7.1376166744e-03
5.1893875872e-03
3.8640050916e-03
2.9369336506e-03
2.2726765343e-03
1.7866082440e-03
1.4242674881e-03
1.1496691285e-03
1.0000000000e-06
1.0000000000e-06
1.0000000000e-06
1.0000000000e-06
5.6491736338e-01
2.3150735468e-01
1.1171425775e-01
6.0344699627e-02
3.5402825672e-02
2.2122965146e-02
1.4530407679e-02
9.9362024017e-03
7.0247119150e-03
5.1073004447e-03
3.8028832095e-03
2.8904764364e-03
2.2367267195e-03
1.7583471895e-03
1.4017380381e-03
1.1314833500e-03
1.0000000000e-06
1.0000000000e-06
1.0000000000e-06
1.0000000000e-06
5.4816101137e-01
2.2464047649e-01
1.0840063429e-01
5.8554779377e-02
3.4352721272e-02
2.1466762637e-02
1.4099412561e-02
9.6414787558e-03
6.8163477309e-03
4.9558097497e-03
3.6900836147e-03
2.8047402850e-03
2.1703818297e-03
1.7061918012e-03
1.3601602472e-03
1.0979217452e-03
1.0000000000e-06
1.0000000000e-06
1.0000000000e-06
9.2971648345e-01
5.1772684161e-01
2.1216832642e-01
1.0238217760e-01
5.5303789141e-02
3.2445441241e-02
2.0274917386e-02
1.3316606220e-02
9.1061790992e-03
6.4379007424e-03
4.6806607477e-03
3.4852083521e-03
2.6490197208e-03
2.0498811599e-03
1.6114631908e-03
1.2846434793e-03
1.0369645883e-03
1.0000000000e-06
1.0000000000e-06
1.0000000000e-06
9.1655716501e-01
4.6410850430e-01
1.9019513133e-01
9.1778975892e-02
4.9576256817e-02
2.9085231817e-02
1.8175147253e-02
1.1937473004e-02
8.1630984178e-03
5.7711600872e-03
4.1959085065e-03
3.1242630389e-03
2.3746742136e-03
1.8375853880e-03
1.4445721394e-03
1.1515994842e-03
9.2957143691e-04
1.0000000000e-06
1.0000000000e-06
1.0000000000e-06
8.5628181121e-01
3.7505739611e-01
1.5370132210e-01
7.4168827756e-02
4.0063781676e-02
2.3504484855e-02
1.4687779559e-02
9.6469629399e-03
6.5967988270e-03
4.6638151527e-03
3.3908159497e-03
2.5247931233e-03
1.9190321205e-03
1.4849975477e-03
1.1673939608e-03
9.3063561625e-04
7.5120933876e-04
1.0000000000e-06
1.0000000000e-06
1.0000000000e-06
7.6940447102e-01
2.4354029339e-01
9.9804631149e-02
4.8160890197e-02
2.6015071945e-02
1.5262435021e-02
9.5373832909e-03
6.2641723879e-03
4.2835745631e-03
3.0284082445e-03
2.2017971642e-03
1.6394526927e-03
1.2461069972e-03
9.6427038148e-04
7.5803722485e-04
6.0430023074e-04
4.8779132113e-04
1.0000000000e-06
1.0000000000e-06
1.0000000000e-06
2.8884234291e-01
9.1427528165e-02
3.7467683879e-02
1.8080092962e-02
9.7663252744e-03
5.7296749059e-03
3.5804316700e-03
2.3516346696e-03
1.6080978984e-03
1.1368955674e-03
8.2657727566e-04
6.1546738379e-04
4.6780136865e-04
3.6199700766e-04
2.8457496192e-04
2.2686051491e-04
1.8312187329e-04
1.0000000000e-06
1.0000000000e-06
1.0000000000e-06
1.0000000000e-06
1.0000000000e-06
1.0000000000e-06
1.0000000000e-06
1.0000000000e-06
1.0000000000e-06
1.0000000000e-06
1.0000000000e-06
1.0000000000e-06
1.0000000000e-06
1.0000000000e-06
1.0000000000e-06
1.0000000000e-06
1.0000000000e-06
1.0000000000e-06
1.0000000000e-06
1.0000000000e-06
1.0000000000e-06
1.0000000000e-06
1.0000000000e-06
1.0000000000e-06
4.5865655304e-01
1.8796087939e-01
9.0700833497e-02
4.8993876416e-02
2.8743562788e-02
1.7961640770e-02
1.1797241510e-02
8.0672051283e-03
5.7033652966e-03
4.1466184602e-03
3.0875617920e-03
2.3467785130e-03
1.8159989605e-03
1.4276025050e-03
1.1380714492e-03
9.1865160306e-04
1.0000000000e-06
1.0000000000e-06
1.0000000000e-06
1.0000000000e-06
4.5864949455e-01
1.8795798677e-01
9.0699437658e-02
4.8993122426e-02
2.8743120440e-02
1.7961364349e-02
1.1797059956e-02
8.0670809782e-03
5.7032775247e-03
4.1465546459e-03
3.0875142760e-03
2.3467423973e-03
1.8159710132e-03
1.4275805350e-03
1.1380539349e-03
9.1863746548e-04
1.0000000000e-06
1.0000000000e-06
1.0000000000e-06
1.0000000000e-06
4.5863623266e-01
1.8795255195e-01
9.0696815078e-02
4.8991705786e-02
2.8742289330e-02
1.7960844995e-02
1.1796718843e-02
8.0668477180e-03
5.7031126140e-03
4.1464347479e-03
3.0874250004e-03
2.3466745411e-03
1.8159185043e-03
1.4275392564e-03
1.1380210280e-03
9.1861090301e-04
1.0000000000e-06
1.0000000000e-06
1.0000000000e-06
1.0000000000e-06
4.5861131586e-01
1.8794234086e-01
9.0691887700e-02
4.8989044164e-02
2.8740727819e-02
1.7959869218e-02
1.1796077951e-02
8.0664094622e-03
5.7028027753e-03
4.1462094804e-03
3.0872572667e-03
2.3465470509e-03
1.8158198490e-03
1.4274617010e-03
1.1379592016e-03
9.1856099672e-04
1.0000000000e-06
1.0000000000e-06
1.0000000000e-06
1.0000000000e-06
4.5856450285e-01
1.8792315654e-01
9.0682630273e-02
4.8984043579e-02
2.8737794092e-02
1.7958035954e-02
1.1794873859e-02
8.0655860787e-03
5.7022206583e-03
4.1457862536e-03
3.0869421331e-03
2.3463075258e-03
1.8156344982e-03
1.4273159920e-03
1.1378430437e-03
9.1846723406e-04
1.0000000000e-06
1.0000000000e-06
1.0000000000e-06
1.0000000000e-06
4.5847655649e-01
1.8788711546e-01
9.0665238592e-02
4.8974649114e-02
2.8732282579e-02
1.7954591850e-02
1.1792611765e-02
8.0640392103e-03
5.7011270509e-03
4.1449911489e-03
3.0863501001e-03
2.3458575363e-03
1.8152862845e-03
1.4270422524e-03
1.1376248211e-03
9.1829108469e-04
1.0000000000e-06
1.0000000000e-06
1.0000000000e-06
1.0000000000e-06
4.5831135070e-01
1.8781941290e-01
9.0632568607e-02
4.8957001765e-02
2.8721929292e-02
1.7948122157e-02
1.1788362458e-02
8.0611334435e-03
5.6990727273e-03
4.1434975577e-03
3.0852379758e-03
2.3450122384e-03
1.8146321707e-03
1.4265280372e-03
1.1372148935e-03
9.1796019099e-04
1.0000000000e-06
1.0000000000e-06
1.0000000000e-06
1.0000000000e-06
4.5800107316e-01
1.8769225884e-01
9.0571210209e-02
4.8923857794e-02
2.8702484498e-02
1.7935971249e-02
1.1780381717e-02
8.0556760429e-03
5.6952144457e-03
4.1406924030e-03
3.0831492646e-03
2.3434246613e-03
1.8134036618e-03
1.4255622754e-03
1.1364449971e-03
9.1733873043e-04
1.0000000000e-06
1.0000000000e-06
1.0000000000e-06
1.0000000000e-06
4.5741853992e-01
1.8745353238e-01
9.0456012356e-02
4.8861631361e-02
2.8665977703e-02
1.7913158421e-02
1.1765398206e-02
8.0454299991e-03
5.6879706817e-03
4.1354258413e-03
3.0792277958e-03
2.3404440509e-03
1.8110971870e-03
1.4237490975e-03
1.1349995486e-03
9.1617196395e-04
1.0000000000e-06
1.0000000000e-06
1.0000000000e-06
1.0000000000e-06
4.5632558992e-01
1.8700563330e-01
9.0239877917e-02
4.8744882004e-02
2.8597483583e-02
1.7870356950e-02
1.1737286114e-02
8.0262063516e-03
5.6743799173e-03
4.1255447076e-03
3.0718703283e-03
2.3348518238e-03
1.8067697746e-03
1.4203472096e-03
1.1322875952e-03
9.1398287437e-04
1.0000000000e-06
1.0000000000e-06
1.0000000000e-06
1.0000000000e-06
4.5427757473e-01
1.8616634139e-01
8.9834876216e-02
4.8526112203e-02
2.8469136451e-02
1.7790153772e-02
1.1684608507e-02
7.9901842813e-03
5.6489129777e-03
4.1070290285e-03
3.0580835997e-03
2.3243728761e-03
1.7986608891e-03
1.4139726106e-03
1.1272058241e-03
9.0988086729e-04
1.0000000000e-06
1.0000000000e-06
1.0000000000e-06
1.0000000000e-06
4.5044899669e-01
1.8459736153e-01
8.9077762385e-02
4.8117141965e-02
2.8229203166e-02
1.7640221229e-02
1.1586132513e-02
7.9228442983e-03
5.6013048512e-03
4.0724156510e-03
3.0323105649e-03
2.3047834368e-03
1.7835020656e-03
1.4020558777e-03
1.1177059154e-03
9.0221253825e-04
1.0000000000e-06
1.0000000000e-06
1.0000000000e-06
9.1916034588e-01
4.4332367209e-01
1.8167735032e-01
8.7668706142e-02
4.7356011943e-02
2.7782665962e-02
1.7361183418e-02
1.1402859922e-02
7.7975185951e-03
5.5127018896e-03
4.0079970740e-03
2.9843446527e-03
2.2683257464e-03
1.7552901455e-03
1.3798777770e-03
1.1000257396e-03
8.8794109525e-04
1.0000000000e-06
1.0000000000e-06
1.0000000000e-06
8.4993362211e-01
4.3017398335e-01
1.7628850971e-01
8.5068312184e-02
4.5951356932e-02
2.6958587680e-02
1.6846222966e-02
1.1064632870e-02
7.5662317295e-03
5.3491863397e-03
3.8891134742e-03
2.8958242199e-03
2.2010435789e-03
1.7032254340e-03
1.3389483965e-03
1.0673972178e-03
8.6160334303e-04
1.0000000000e-06
1.0000000000e-06
1.0000000000e-06
7.5297653592e-01
4.0629051159e-01
1.6650088468e-01
8.0345277527e-02
4.3400114927e-02
2.5461833594e-02
1.5910912357e-02
1.0450318995e-02
7.1461508115e-03
5.0521968754e-03
3.6731879756e-03
2.7350466307e-03
2.0788405536e-03
1.6086615177e-03
1.2646093210e-03
1.0081347978e-03
8.1376670040e-04
1.0000000000e-06
1.0000000000e-06
1.0000000000e-06
8.2035131057e-01
3.6421306853e-01
1.4925723441e-01
7.2024325540e-02
3.8905385633e-02
2.2824880915e-02
1.4263100042e-02
9.3680325770e-03
6.4060602969e-03
4.5289665261e-03
3.2927745683e-03
2.4517917538e-03
1.8635456045e-03
1.4420606214e-03
1.1336401618e-03
9.0372740125e-04
7.2948901973e-04
1.0000000000e-06
1.0000000000e-06
1.0000000000e-06
9.2986011846e-01
2.9432945927e-01
1.2061840963e-01
5.8204613238e-02
3.1440390545e-02
1.8445342680e-02
1.1526358842e-02
7.5705354941e-03
5.1768934893e-03
3.6599682544e-03
2.6609713981e-03
1.9813526847e-03
1.5059766315e-03
1.1653643419e-03
9.1612225003e-04
7.3032414352e-04
5.8951785993e-04
1.0000000000e-06
1.0000000000e-06
1.0000000000e-06
6.0379666793e-01
1.9112030212e-01
7.8322526560e-02
3.7794664846e-02
2.0415547104e-02
1.1977324575e-02
7.4845419473e-03
4.9158620904e-03
3.3615712481e-03
2.3765688976e-03
1.7278788838e-03
1.2865743193e-03
9.7789296908e-04
7.5671930925e-04
5.9487610124e-04
4.7422969928e-04
3.8279835045e-04
1.0000000000e-06
1.0000000000e-06
1.0000000000e-06
2.2667147225e-01
7.1748524903e-02
2.9403081118e-02
1.4188505468e-02
7.6642061227e-03
4.4964106950e-03
2.8097739396e-03
1.8454651320e-03
1.2619683817e-03
8.9218837990e-04
6.4866348440e-04
4.8299321714e-04
3.6711106700e-04
2.8408020287e-04
2.2332259988e-04
1.7803070112e-04
1.4370643345e-04
1.0000000000e-06
1.0000000000e-06
1.0000000000e-06
1.0000000000e-06
1.0000000000e-06
1.0000000000e-06
1.0000000000e-06
1.0000000000e-06
1.0000000000e-06
1.0000000000e-06
1.0000000000e-06
1.0000000000e-06
1.0000000000e-06
1.0000000000e-06
1.0000000000e-06
1.0000000000e-06
1.0000000000e-06
1.0000000000e-06
1.0000000000e-06
1.0000000000e-06
1.0000000000e-06
1.0000000000e-06
1.0000000000e-06
1.0000000000e-06
3.5993468291e-01
1.4750391906e-01
7.1178260062e-02
3.8448366293e-02
2.2556758312e-02
1.4095552188e-02
9.2579868055e-03
6.3308086502e-03
4.4757649975e-03
3.2540945199e-03
2.4229906854e-03
1.8416546322e-03
1.4251208108e-03
1.1203233501e-03
8.9311136258e-04
7.2091975018e-04
1.0000000000e-06
1.0000000000e-06
1.0000000000e-06
1.0000000000e-06
3.5992914371e-01
1.4750164905e-01
7.1177164665e-02
3.8447774593e-02
2.2556411175e-02
1.4095335264e-02
9.2578443299e-03
6.3307112224e-03
4.4756961178e-03
3.2540444410e-03
2.4229533968e-03
1.8416262901e-03
1.4250988789e-03
1.1203061089e-03
8.9309761806e-04
7.2090865560e-04
1.0000000000e-06
1.0000000000e-06
1.0000000000e-06
1.0000000000e-06
3.5991873633e-01
1.4749738403e-01
7.1175106572e-02
3.8446662872e-02
2.2555758955e-02
1.4094927697e-02
9.2575766387e-03
6.3305281694e-03
4.4755667027e-03
3.2539503501e-03
2.4228833369e-03
1.8415730393e-03
1.4250576721e-03
1.1202737151e-03
8.9307179408e-04
7.2088781047e-04
1.0000000000e-06
1.0000000000e-06
1.0000000000e-06
1.0000000000e-06
3.5989918267e-01
1.4748937079e-01
7.1171239771e-02
3.8444574142e-02
2.2554533545e-02
1.4094161947e-02
9.2570736930e-03
6.3301842444e-03
4.4753235541e-03
3.2537735695e-03
2.4227517065e-03
1.8414729904e-03
1.4249802515e-03
1.1202128529e-03
8.9302327527e-04
7.2084864608e-04
1.0000000000e-06
1.0000000000e-06
1.0000000000e-06
1.0000000000e-06
3.5986244574e-01
1.4747431573e-01
7.1163974925e-02
3.8440649890e-02
2.2552231278e-02
1.4092723277e-02
9.2561287718e-03
6.3295380871e-03
4.4748667328e-03
3.2534414386e-03
2.4225044027e-03
1.8412850209e-03
1.4248347958e-03
1.1200985065e-03
8.9293211939e-04
7.2077506503e-04
1.0000000000e-06
1.0000000000e-06
1.0000000000e-06
1.0000000000e-06
3.5979342908e-01
1.4744603218e-01
7.1150326654e-02
3.8433277502e-02
2.2547906071e-02
1.4090020487e-02
9.2543535737e-03
6.3283241689e-03
4.4740085150e-03
3.2528174733e-03
2.4220397997e-03
1.8409318878e-03
1.4245615321e-03
1.1198836870e-03
8.9276086730e-04
7.2063683029e-04
1.0000000000e-06
1.0000000000e-06
1.0000000000e-06
1.0000000000e-06
3.5966378241e-01
1.4739290201e-01
7.1124688601e-02
3.8419428593e-02
2.2539781239e-02
1.4084943340e-02
9.2510188933e-03
6.3260438433e-03
4.4723963669e-03
3.2516453648e-03
2.4211670506e-03
1.8402685330e-03
1.4240482108e-03
1.1194801522e-03
8.9243917307e-04
7.2037715861e-04
1.0000000000e-06
1.0000000000e-06
1.0000000000e-06
1.0000000000e-06
3.5942028944e-01
1.4729311678e-01
7.1076537070e-02
3.8393418577e-02
2.2524521770e-02
1.4075407810e-02
9.2447559382e-03
6.3217611012e-03
4.4693685471e-03
3.2494439955e-03
2.4195279165e-03
1.8390226682e-03
1.4230841278e-03
1.1187222623e-03
8.9183499028e-04
7.1988946209e-04
1.0000000000e-06
1.0000000000e-06
1.0000000000e-06
1.0000000000e-06
3.5896314146e-01
1.4710577412e-01
7.0986134564e-02
3.8344585848e-02
2.2495872749e-02
1.4057505248e-02
9.2329974994e-03
6.3137204302e-03
4.4636839410e-03
3.2453110159e-03
2.4164505101e-03
1.8366836086e-03
1.4212741019e-03
1.1172993554e-03
8.9070066210e-04
7.1897383206e-04
1.0000000000e-06
1.0000000000e-06
1.0000000000e-06
9.0582057458e-01
3.5810543952e-01
1.4675428147e-01
7.0816521201e-02
3.8252965785e-02
2.2442121398e-02
1.4023916424e-02
9.2109362933e-03
6.2986345074e-03
4.4530184716e-03
3.2375567112e-03
2.4106766742e-03
1.8322950602e-03
1.4178781277e-03
1.1146296946e-03
8.8857243333e-04
7.1725592518e-04
1.0000000000e-06
1.0000000000e-06
1.0000000000e-06
8.4930548601e-01
3.5649824195e-01
1.4609563991e-01
7.0498692629e-02
3.8081284300e-02
2.2341399882e-02
1.3960976290e-02
9.1695970877e-03
6.2703658777e-03
4.4330330717e-03
3.2230263727e-03
2.3998574203e-03
1.8240716159e-03
1.4115146101e-03
1.1096271731e-03
8.8458446975e-04
7.1403683982e-04
1.0000000000e-06
1.0000000000e-06
1.0000000000e-06
7.9495257054e-01
3.5349373234e-01
1.4486436945e-01
6.9904541031e-02
3.7760341385e-02
2.2153110171e-02
1.3843315436e-02
9.0923172040e-03
6.2175202466e-03
4.3956721847e-03
3.1958632268e-03
2.3796318094e-03
1.8086986348e-03
1.3996185929e-03
1.1002754145e-03
8.7712933467e-04
7.0801905263e-04
1.0000000000e-06
1.0000000000e-06
1.0000000000e-06
7.4203164953e-01
3.4790207246e-01
1.4257286550e-01
6.8798772012e-02
3.7163038048e-02
2.1802686257e-02
1.3624338112e-02
8.9484924607e-03
6.1191698224e-03
4.3261402481e-03
3.1453101942e-03
2.3419901471e-03
1.7800881485e-03
1.3774790458e-03
1.0828709591e-03
8.6325466460e-04
6.9681941493e-04
1.0000000000e-06
1.0000000000e-06
1.0000000000e-06
6.8938877780e-01
3.3758274088e-01
1.3834392641e-01
6.6758090462e-02
3.6060722936e-02
2.1155983732e-02
1.3220218466e-02
8.6830658705e-03
5.9376654642e-03
4.1978200132e-03
3.0520152662e-03
2.2725229757e-03
1.7272878886e-03
1.3366208154e-03
1.0507512755e-03
8.3764915136e-04
6.7615063724e-04
1.0000000000e-06
1.0000000000e-06
1.0000000000e-06
6.3871130643e-01
3.1883998058e-01
1.3066300337e-01
6.3051648348e-02
3.4058613810e-02
1.9981393079e-02
1.2486225415e-02
8.2009777700e-03
5.6080033486e-03
3.9647549753e-03
2.8825658731e-03
2.1463513791e-03
1.6313880130e-03
1.2624109684e-03
9.9241304640e-04
7.9114245727e-04
6.3861042032e-04
1.0000000000e-06
1.0000000000e-06
1.0000000000e-06
9.0297455785e-01
2.8581934450e-01
1.1713090029e-01
5.6521709629e-02
3.0531336302e-02
1.7912021766e-02
1.1193090518e-02
7.3516441891e-03
5.0272109480e-03
3.5541454559e-03
2.5840331781e-03
1.9240646770e-03
1.4624334490e-03
1.1316694814e-03
8.8963387175e-04
7.0920785446e-04
5.7247278523e-04
1.0000000000e-06
1.0000000000e-06
1.0000000000e-06
7.2971575244e-01
2.3097757984e-01
9.4656335880e-02
4.5676571407e-02
2.4673117142e-02
1.4475141438e-02
9.0454093069e-03
5.9410428836e-03
4.0626117177e-03
2.8721915839e-03
2.0882202033e-03
1.5548835692e-03
1.1818281206e-03
9.1452969516e-04
7.1893481877e-04
5.7312815587e-04
4.6262921317e-04
1.0000000000e-06
1.0000000000e-06
1.0000000000e-06
4.7383464578e-01
1.4998330426e-01
6.1464277333e-02
2.9659688667e-02
1.6021276342e-02
9.3993085568e-03
5.8735587117e-03
3.8577650830e-03
2.6380219664e-03
1.8650328943e-03
1.3559678231e-03
1.0096502683e-03
7.6740992229e-04
5.9384198944e-04
4.6683413925e-04
3.7215583713e-04
3.0040429937e-04
1.0000000000e-06
1.0000000000e-06
9.0027621766e-01
1.7788239395e-01
5.6305273276e-02
2.3074321166e-02
1.1134551835e-02
6.0145517338e-03
3.5285969962e-03
2.2049942825e-03
1.4482446450e-03
9.9034054797e-04
7.0015250896e-04
5.0904425138e-04
3.7903308340e-04
2.8809356884e-04
2.2293438369e-04
1.7525433191e-04
1.3971112461e-04
1.1277486019e-04
1.0000000000e-06
1.0000000000e-06
1.0000000000e-06
1.0000000000e-06
1.0000000000e-06
1.0000000000e-06
1.0000000000e-06
1.0000000000e-06
1.0000000000e-06
1.0000000000e-06
1.0000000000e-06
1.0000000000e-06
1.0000000000e-06
1.0000000000e-06
1.0000000000e-06
1.0000000000e-06
1.0000000000e-06
1.0000000000e-06
1.0000000000e-06
1.0000000000e-06
1.0000000000e-06
1.0000000000e-06
1.0000000000e-06
8.9236756274e-01
2.8246189967e-01
1.1575499374e-01
5.5857763491e-02
3.0172692413e-02
1.7701613755e-02
1.1061608093e-02
7.2652862659e-03
4.9681575580e-03
3.5123957968e-03
2.5536791850e-03
1.9014631689e-03
1.4452546077e-03
1.1183760419e-03
8.7918356412e-04
7.0087696628e-04
5.6574808984e-04
1.0000000000e-06
1.0000000000e-06
1.0000000000e-06
8.9235382966e-01
2.8245755273e-01
1.1575321233e-01
5.5856903869e-02
3.0172228071e-02
1.7701341336e-02
1.1061437861e-02
7.2651744569e-03
4.9680811006e-03
3.5123417428e-03
2.5536398852e-03
1.9014339064e-03
1.4452323660e-03
1.1183588306e-03
8.7917003394e-04
7.0086618014e-04
5.6573938327e-04
1.0000000000e-06
1.0000000000e-06
1.0000000000e-06
8.9232802717e-01
2.8244938544e-01
1.1574986532e-01
5.5855288762e-02
3.0171355639e-02
1.7700829501e-02
1.1061118018e-02
7.2649643838e-03
4.9679374482e-03
3.5122401832e-03
2.5535660466e-03
1.9013789263e-03
1.4451905770e-03
1.1183264932e-03
8.7914461268e-04
7.0084591455e-04
5.6572302488e-04
1.0000000000e-06
1.0000000000e-06
1.0000000000e-06
8.9227954877e-01
2.8243404053e-01
1.1574357686e-01
5.5852254256e-02
3.0169716489e-02
1.7699867850e-02
1.1060517090e-02
7.2645696928e-03
4.9676675501e-03
3.5120493702e-03
2.5534273164e-03
1.9012756281e-03
1.4451120627e-03
1.1182657367e-03
8.7909685050e-04
7.0080783898e-04
5.6569229027e-04
1.0000000000e-06
1.0000000000e-06
1.0000000000e-06
8.9218846882e-01
2.8240521091e-01
1.1573176227e-01
5.5846553104e-02
3.0166636898e-02
1.7698061126e-02
1.1059388081e-02
7.2638281576e-03
4.9671604725e-03
3.5116908757e-03
2.5531666738e-03
1.9010815543e-03
1.4449645520e-03
1.1181515891e-03
8.7900711617e-04
7.0073630361e-04
5.6563454690e-04
1.0000000000e-06
1.0000000000e-06
1.0000000000e-06
8.9201735936e-01
2.8235104948e-01
1.1570956651e-01
5.5835842504e-02
3.0160851352e-02
1.7694666881e-02
1.1057267043e-02
7.2624350553e-03
4.9662078395e-03
3.5110173817e-03
2.5526770116e-03
1.9007169530e-03
1.4446874277e-03
1.1179371430e-03
8.7883853471e-04
7.0060191203e-04
5.6552606598e-04
1.0000000000e-06
1.0000000000e-06
1.0000000000e-06
8.9169593301e-01
2.8224930812e-01
1.1566787214e-01
5.5815722817e-02
3.0149983299e-02
1.7688290848e-02
1.1053282707e-02
7.2598181357e-03
4.9644183340e-03
3.5097522344e-03
2.5517571891e-03
1.9000320555e-03
1.4441668542e-03
1.1175343096e-03
8.7852185720e-04
7.0034945967e-04
5.6532228635e-04
1.0000000000e-06
1.0000000000e-06
1.0000000000e-06
8.9109225339e-01
2.8205822487e-01
1.1558956480e-01
5.5777935481e-02
3.0129571711e-02
1.7676315846e-02
1.1045799616e-02
7.2549032268e-03
4.9610574147e-03
3.5073761263e-03
2.5500296453e-03
1.8987457307e-03
1.4431891509e-03
1.1167777370e-03
8.7792709645e-04
6.9987532193e-04
5.6493956223e-04
1.0000000000e-06
1.0000000000e-06
1.0000000000e-06
8.8995886991e-01
2.8169947399e-01
1.1544254601e-01
5.5706991322e-02
3.0091249799e-02
1.7653833276e-02
1.1031750423e-02
7.2456756889e-03
4.9547474276e-03
3.5029150819e-03
2.5467862533e-03
1.8963307091e-03
1.4413535533e-03
1.1153573033e-03
8.7681045778e-04
6.9898514795e-04
5.6422101355e-04
1.0000000000e-06
1.0000000000e-06
1.0000000000e-06
8.8783241357e-01
2.8102638487e-01
1.1516670907e-01
5.5573885749e-02
3.0019350152e-02
1.7611651432e-02
1.1005391300e-02
7.2283629641e-03
4.9429086175e-03
3.4945452613e-03
2.5407009948e-03
1.8917996407e-03
1.4379096016e-03
1.1126922829e-03
8.7471541808e-04
6.9731500178e-04
5.6287287107e-04
1.0000000000e-06
1.0000000000e-06
1.0000000000e-06
8.8384777124e-01
2.7976512248e-01
1.1464983433e-01
5.5324466991e-02
2.9884621602e-02
1.7532609340e-02
1.0955998478e-02
7.1959216603e-03
4.9207245627e-03
3.4788615436e-03
2.5292981844e-03
1.8833091364e-03
1.4314561816e-03
1.1076984567e-03
8.7078964557e-04
6.9418541242e-04
5.6034666563e-04
1.0000000000e-06
1.0000000000e-06
1.0000000000e-06
8.7639884494e-01
2.7740730720e-01
1.1368358404e-01
5.4858201316e-02
2.9632758836e-02
1.7384847339e-02
1.0863663092e-02
7.1352755944e-03
4.8792534906e-03
3.4495422602e-03
2.5079816676e-03
1.8674369111e-03
1.4193921000e-03
1.0983629529e-03
8.6345077104e-04
6.8833492985e-04
5.5562415441e-04
1.0000000000e-06
1.0000000000e-06
1.0000000000e-06
8.6253572993e-01
2.7301920306e-01
1.1188530623e-01
5.3990439387e-02
2.9164019808e-02
1.7109849102e-02
1.0691818719e-02
7.0224078669e-03
4.8020721335e-03
3.3949764638e-03
2.4683097324e-03
1.8378972868e-03
1.3969397702e-03
1.0809887494e-03
8.4979247220e-04
6.7744666096e-04
5.4683514061e-04
1.0000000000e-06
1.0000000000e-06
1.0000000000e-06
8.3695154147e-01
2.6492101709e-01
1.0856660920e-01
5.2388996653e-02
2.8298968363e-02
1.6602343628e-02
1.0374682285e-02
6.8141120245e-03
4.6596349981e-03
3.2942760351e-03
2.3950957202e-03
1.7833823155e-03
1.3555043037e-03
1.0489248952e-03
8.2458626911e-04
6.5735251012e-04
5.3061513625e-04
1.0000000000e-06
1.0000000000e-06
1.0000000000e-06
7.9048357903e-01
2.5021247154e-01
1.0253893750e-01
4.9480333715e-02
2.6727795680e-02
1.5680573320e-02
9.7986748066e-03
6.4357891636e-03
4.4009297644e-03
3.1113762046e-03
2.2621188243e-03
1.6843680496e-03
1.2802460361e-03
9.9068806755e-04
7.7880483269e-04
6.2085597449e-04
5.0115512213e-04
1.0000000000e-06
1.0000000000e-06
1.0000000000e-06
7.0861721288e-01
2.2429923772e-01
9.1919500966e-02
4.4355907068e-02
2.3959733742e-02
1.4056616047e-02
8.7838758649e-03
5.7692671939e-03
3.9451478392e-03
2.7891467866e-03
2.0278426764e-03
1.5099266126e-03
1.1476574618e-03
8.8808754020e-04
6.9814797494e-04
5.5655707711e-04
4.4925303357e-04
1.0000000000e-06
1.0000000000e-06
1.0000000000e-06
5.7265084402e-01
1.8126168185e-01
7.4282389495e-02
3.5845089786e-02
1.9362444914e-02
1.1359494093e-02
7.0984642150e-03
4.6622854594e-03
3.1881701416e-03
2.2539775106e-03
1.6387491004e-03
1.2202085038e-03
9.2744997184e-04
7.1768519055e-04
5.6419039762e-04
4.4976734145e-04
3.6305232808e-04
1.0000000000e-06
1.0000000000e-06
1.0000000000e-06
3.7184589877e-01
1.1770071363e-01
4.8234630534e-02
2.3275700661e-02
1.2572837021e-02
7.3761897582e-03
4.6093266667e-03
3.0274149513e-03
2.0702108522e-03
1.4636009045e-03
1.0641076295e-03
7.9233189392e-04
6.0223165995e-04
4.6602270391e-04
3.6635218071e-04
2.9205255362e-04
2.3574490573e-04
1.0000000000e-06
1.0000000000e-06
7.0649968947e-01
1.3959477054e-01
4.4186057099e-02
1.8107775842e-02
8.7379371516e-03
4.7199721851e-03
2.7690974146e-03
1.7303885847e-03
1.1365226750e-03
7.7717842226e-04
5.4945081589e-04
3.9947693623e-04
2.9744953302e-04
2.2608395218e-04
1.7494971074e-04
1.3753237237e-04
1.0963952904e-04
8.8501059543e-05
1.0000000000e-06
1.0000000000e-06
1.0000000000e-06
1.0000000000e-06
1.0000000000e-06
1.0000000000e-06
1.0000000000e-06
1.0000000000e-06
1.0000000000e-06
1.0000000000e-06
1.0000000000e-06
1.0000000000e-06
1.0000000000e-06
1.0000000000e-06
1.0000000000e-06
1.0000000000e-06
1.0000000000e-06
1.0000000000e-06
1.0000000000e-06
1.0000000000e-06
1.0000000000e-06
1.0000000000e-06
1.0000000000e-06
7.0029339999e-01
2.2166449185e-01
9.0839762082e-02
4.3834877187e-02
2.3678288960e-02
1.3891498957e-02
8.6806954056e-03
5.7014980598e-03
3.8988058601e-03
2.7563838611e-03
2.0040224673e-03
1.4921901439e-03
1.1341764153e-03
8.7765555167e-04
6.8994712605e-04
5.5001943655e-04
4.4397584820e-04
1.0000000000e-06
1.0000000000e-06
1.0000000000e-06
7.0028262284e-01
2.2166108055e-01
9.0838364104e-02
4.3834202591e-02
2.3677924563e-02
1.3891285174e-02
8.6805618141e-03
5.7014103167e-03
3.8987458595e-03
2.7563414418e-03
2.0039916264e-03
1.4921671799e-03
1.1341589610e-03
8.7764204500e-04
6.8993650812e-04
5.5001097204e-04
4.4396901564e-04
1.0000000000e-06
1.0000000000e-06
1.0000000000e-06
7.0026237411e-01
2.2165467120e-01
9.0835737506e-02
4.3832935122e-02
2.3677239914e-02
1.3890883506e-02
8.6803108150e-03
5.7012454600e-03
3.8986331270e-03
2.7562617420e-03
2.0039336809e-03
1.4921240337e-03
1.1341261667e-03
8.7761666792e-04
6.8991655856e-04
5.4999506843e-04
4.4395617825e-04
1.0000000000e-06
1.0000000000e-06
1.0000000000e-06
7.0022433025e-01
2.2164262915e-01
9.0830802582e-02
4.3830553766e-02
2.3675953577e-02
1.3890128842e-02
8.6798392310e-03
5.7009357227e-03
3.8984213220e-03
2.7561119998e-03
2.0038248111e-03
1.4920429696e-03
1.1340645518e-03
8.7756898875e-04
6.8987907677e-04
5.4996518830e-04
4.4393205899e-04
1.0000000000e-06
1.0000000000e-06
1.0000000000e-06
7.0015285444e-01
2.2162000485e-01
9.0821530974e-02
4.3826079736e-02
2.3673536840e-02
1.3888710999e-02
8.6789532314e-03
5.7003537963e-03
3.8980233884e-03
2.7558306680e-03
2.0036202695e-03
1.4918906685e-03
1.1339487915e-03
8.7747941039e-04
6.8980865696e-04
5.4990905028e-04
4.4388674437e-04
1.0000000000e-06
1.0000000000e-06
1.0000000000e-06
7.0001857477e-01
2.2157750118e-01
9.0804112655e-02
4.3817674498e-02
2.3668996582e-02
1.3886047335e-02
8.6772887276e-03
5.6992605469e-03
3.8972758012e-03
2.7553021376e-03
2.0032360027e-03
1.4916045444e-03
1.1337313158e-03
8.7731112191e-04
6.8967636115e-04
5.4980358529e-04
4.4380161300e-04
1.0000000000e-06
1.0000000000e-06
1.0000000000e-06
6.9976633258e-01
2.2149765874e-01
9.0771392628e-02
4.3801885395e-02
2.3660467781e-02
1.3881043687e-02
8.6741619847e-03
5.6972068960e-03
3.8958714708e-03
2.7543093020e-03
2.0025141639e-03
1.4910670650e-03
1.1333227911e-03
8.7699499479e-04
6.8942784566e-04
5.4960547105e-04
4.4364169513e-04
1.0000000000e-06
1.0000000000e-06
1.0000000000e-06
6.9929258961e-01
2.2134770446e-01
9.0709940245e-02
4.3772231446e-02
2.3644449605e-02
1.3871646198e-02
8.6682895627e-03
5.6933498775e-03
3.8932339594e-03
2.7524446300e-03
2.0011584585e-03
1.4900576101e-03
1.1325555297e-03
8.7640126773e-04
6.8896110187e-04
5.4923338724e-04
4.4334134897e-04
1.0000000000e-06
1.0000000000e-06
1.0000000000e-06
6.9840315683e-01
2.2106617151e-01
9.0594565941e-02
4.3716557385e-02
2.3614376143e-02
1.3854002800e-02
8.6572643336e-03
5.6861084850e-03
3.8882821410e-03
2.7489437857e-03
1.9986131778e-03
1.4881624004e-03
1.1311150282e-03
8.7528656976e-04
6.8808480973e-04
5.4853481529e-04
4.4277746149e-04
1.0000000000e-06
1.0000000000e-06
1.0000000000e-06
6.9673440125e-01
2.2053795883e-01
9.0378100444e-02
4.3612101602e-02
2.3557952255e-02
1.3820900223e-02
8.6365787769e-03
5.6725221701e-03
3.8789915293e-03
2.7423754946e-03
1.9938377170e-03
1.4846066042e-03
1.1284123564e-03
8.7319517122e-04
6.8644070869e-04
5.4722415322e-04
4.4171949469e-04
1.0000000000e-06
1.0000000000e-06
1.0000000000e-06
6.9360741767e-01
2.1954817193e-01
8.9972478393e-02
4.3416368012e-02
2.3452222826e-02
1.3758871238e-02
8.5978173205e-03
5.6470635682e-03
3.8615823949e-03
2.7300675575e-03
1.9848892600e-03
1.4779436054e-03
1.1233479776e-03
8.6927622167e-04
6.8335992377e-04
5.4476818012e-04
4.3973703249e-04
1.0000000000e-06
1.0000000000e-06
1.0000000000e-06
6.8776180635e-01
2.1769785539e-01
8.9214204873e-02
4.3050461872e-02
2.3254571279e-02
1.3642913692e-02
8.5253563043e-03
5.5994710283e-03
3.8290376020e-03
2.7070589889e-03
1.9681609338e-03
1.4654877353e-03
1.1138805823e-03
8.6195010202e-04
6.7760067667e-04
5.4017696185e-04
4.3603099978e-04
1.0000000000e-06
1.0000000000e-06
1.0000000000e-06
6.7688260326e-01
2.1425425158e-01
8.7802990345e-02
4.2369477972e-02
2.2886724154e-02
1.3427106378e-02
8.3904999026e-03
5.5108970745e-03
3.7684688451e-03
2.6642379945e-03
1.9370280295e-03
1.4423062522e-03
1.0962609166e-03
8.4831554118e-04
6.6688220511e-04
5.3163229594e-04
4.2913374299e-04
1.0000000000e-06
1.0000000000e-06
1.0000000000e-06
6.5680518329e-01
2.0789912800e-01
8.5198613302e-02
4.1112731530e-02
2.2207867332e-02
1.3028836940e-02
8.1416242635e-03
5.3474350583e-03
3.6566900354e-03
2.5852124369e-03
1.8795726819e-03
1.3995251433e-03
1.0637440655e-03
8.2315314623e-04
6.4710141292e-04
5.1586323225e-04
4.1640495021e-04
1.0000000000e-06
1.0000000000e-06
1.0000000000e-06
6.2033903552e-01
1.9635646586e-01
8.0468344264e-02
3.8830132394e-02
2.0974875583e-02
1.2305469486e-02
7.6895972682e-03
5.0505428261e-03
3.4536688008e-03
2.4416801671e-03
1.7752178794e-03
1.3218228170e-03
1.0046844703e-03
7.7745127749e-04
6.1117402326e-04
4.8722225113e-04
3.9328594197e-04
1.0000000000e-06
1.0000000000e-06
1.0000000000e-06
5.5609367488e-01
1.7602082479e-01
7.2134646880e-02
3.4808692961e-02
1.8802614337e-02
1.1031054562e-02
6.8932247664e-03
4.5274837782e-03
3.0959898786e-03
2.1888077636e-03
1.5913675873e-03
1.1849283468e-03
9.0063440664e-04
6.9693460058e-04
5.4787783635e-04
4.3676311920e-04
3.5255531609e-04
1.0000000000e-06
1.0000000000e-06
1.0000000000e-06
4.4939285482e-01
1.4224671946e-01
5.8293766603e-02
2.8129753329e-02
1.5194851005e-02
8.9144641003e-03
5.5705829730e-03
3.6587700097e-03
2.5019448932e-03
1.7688289113e-03
1.2860229408e-03
9.5756948261e-04
7.2782461918e-04
5.6320984022e-04
4.4275343543e-04
3.5295892379e-04
2.8490854533e-04
1.0000000000e-06
1.0000000000e-06
8.9019617131e-01
2.9180938394e-01
9.2366683467e-02
3.7852555816e-02
1.8265813311e-02
9.8666457721e-03
5.7885305683e-03
3.6172101273e-03
2.3757908277e-03
1.6246163910e-03
1.1485738355e-03
8.3506793238e-04
6.2178950512e-04
4.7260665465e-04
3.6571546419e-04
2.8749813409e-04
2.2919084050e-04
1.8500291271e-04
1.0000000000e-06
1.0000000000e-06
5.5443194349e-01
1.0954824062e-01
3.4675401904e-02
1.4210238332e-02
6.8571739712e-03
3.7040401880e-03
2.1730738439e-03
1.3579378433e-03
8.9189628446e-04
6.0989768373e-04
4.3118641776e-04
3.1349308091e-04
2.3342616819e-04
1.7742139349e-04
1.3729334244e-04
1.0792975315e-04
8.6040596120e-05
6.9451994064e-05
1.0000000000e-06
1.0000000000e-06
1.0000000000e-06
1.0000000000e-06
1.0000000000e-06
1.0000000000e-06
1.0000000000e-06
1.0000000000e-06
1.0000000000e-06
1.0000000000e-06
1.0000000000e-06
1.0000000000e-06
1.0000000000e-06
1.0000000000e-06
1.0000000000e-06
1.0000000000e-06
1.0000000000e-06
1.0000000000e-06
1.0000000000e-06
1.0000000000e-06
1.0000000000e-06
1.0000000000e-06
1.0000000000e-06
5.4956157193e-01
1.7395321124e-01
7.1287323197e-02
3.4399815459e-02
1.8581750925e-02
1.0901479151e-02
6.8122540430e-03
4.4743020440e-03
3.0596230748e-03
2.1630971034e-03
1.5726747115e-03
1.1710096778e-03
8.9005517430e-04
6.8874811219e-04
5.4144223169e-04
4.3163271494e-04
3.4841405228e-04
1.0000000000e-06
1.0000000000e-06
1.0000000000e-06
5.4955311447e-01
1.7395053419e-01
7.1286226121e-02
3.4399286063e-02
1.8581464962e-02
1.0901311382e-02
6.8121492060e-03
4.4742331868e-03
3.0595759888e-03
2.1630638145e-03
1.5726505089e-03
1.1709916566e-03
8.9004147681e-04
6.8873751271e-04
5.4143389917e-04
4.3162607234e-04
3.4840869036e-04
1.0000000000e-06
1.0000000000e-06
1.0000000000e-06
5.4953722410e-01
1.7394550440e-01
7.1284164875e-02
3.4398291406e-02
1.8580927677e-02
1.0900996170e-02
6.8119522322e-03
4.4741038141e-03
3.0594875209e-03
2.1630012693e-03
1.5726050356e-03
1.1709577973e-03
8.9001574120e-04
6.8871759782e-04
5.4141824357e-04
4.3161359184e-04
3.4839861610e-04
1.0000000000e-06
1.0000000000e-06
1.0000000000e-06
5.4950736883e-01
1.7393605429e-01
7.1280292149e-02
3.4396422615e-02
1.8579918212e-02
1.0900403941e-02
6.8115821524e-03
4.4738607449e-03
3.0593213051e-03
2.1628837578e-03
1.5725195991e-03
1.1708941815e-03
8.8996738842e-04
6.8868018116e-04
5.4138882940e-04
4.3159014313e-04
3.4837968830e-04
1.0000000000e-06
1.0000000000e-06
1.0000000000e-06
5.4945127755e-01
1.7391829966e-01
7.1273016171e-02
3.4392911580e-02
1.8578021656e-02
1.0899291276e-02
6.8108868561e-03
4.4734040729e-03
3.0590090231e-03
2.1626629802e-03
1.5723590832e-03
1.1707746618e-03
8.8987654447e-04
6.8860988373e-04
5.4133356682e-04
4.3154608831e-04
3.4834412724e-04
1.0000000000e-06
1.0000000000e-06
1.0000000000e-06
5.4934590035e-01
1.7388494453e-01
7.1259346988e-02
3.4386315493e-02
1.8574458648e-02
1.0897200942e-02
6.8095806218e-03
4.4725461356e-03
3.0584223473e-03
2.1622482112e-03
1.5720575264e-03
1.1705501233e-03
8.8970587840e-04
6.8847781783e-04
5.4122974649e-04
4.3146332371e-04
3.4827731963e-04
1.0000000000e-06
1.0000000000e-06
1.0000000000e-06
5.4914795104e-01
1.7382228746e-01
7.1233669651e-02
3.4373924852e-02
1.8567765594e-02
1.0893274284e-02
6.8071268821e-03
4.4709345144e-03
3.0573202864e-03
2.1614690745e-03
1.5714910568e-03
1.1701283315e-03
8.8938528499e-04
6.8822973422e-04
5.4103472171e-04
4.3130785178e-04
3.4815182264e-04
1.0000000000e-06
1.0000000000e-06
1.0000000000e-06
5.4877617697e-01
1.7370460948e-01
7.1185444340e-02
3.4350653648e-02
1.8555195186e-02
1.0885899519e-02
6.8025184459e-03
4.4679076844e-03
3.0552504755e-03
2.1600057563e-03
1.5704271548e-03
1.1693361527e-03
8.8878316969e-04
6.8776380155e-04
5.4066844032e-04
4.3101585565e-04
3.4791612328e-04
1.0000000000e-06
1.0000000000e-06
1.0000000000e-06
5.4807818654e-01
1.7348367395e-01
7.1094903313e-02
3.4306962926e-02
1.8531594766e-02
1.0872053704e-02
6.7938662979e-03
4.4622249363e-03
3.0513644913e-03
2.1572584371e-03
1.5684297228e-03
1.1678488698e-03
8.8765272313e-04
6.8688903226e-04
5.3998076215e-04
4.3046764501e-04
3.4747360749e-04
1.0000000000e-06
1.0000000000e-06
1.0000000000e-06
5.4676861554e-01
1.7306915428e-01
7.0925030060e-02
3.4224990308e-02
1.8487315610e-02
1.0846076157e-02
6.7776331206e-03
4.4515629531e-03
3.0440736000e-03
2.1521039114e-03
1.5646821368e-03
1.1650584266e-03
8.8553177706e-04
6.8524778840e-04
5.3869053903e-04
4.2943909112e-04
3.4664335850e-04
1.0000000000e-06
1.0000000000e-06
1.0000000000e-06
5.4431468692e-01
1.7229241008e-01
7.0606714494e-02
3.4071386606e-02
1.8404343487e-02
1.0797398351e-02
6.7472147180e-03
4.4315840856e-03
3.0304116246e-03
2.1424451467e-03
1.5576597545e-03
1.1598295782e-03
8.8155746012e-04
6.8217235738e-04
5.3627286527e-04
4.2751174408e-04
3.4508760340e-04
1.0000000000e-06
1.0000000000e-06
1.0000000000e-06
5.3972729061e-01
1.7084035747e-01
7.0011652505e-02
3.3784238461e-02
1.8249234652e-02
1.0706399621e-02
6.6903502818e-03
4.3942354105e-03
3.0048718048e-03
2.1243889650e-03
1.5445320496e-03
1.1500547218e-03
8.7412783619e-04
6.7642311889e-04
5.3175324415e-04
4.2390874413e-04
3.4217926080e-04
1.0000000000e-06
1.0000000000e-06
1.0000000000e-06
5.3118973773e-01
1.6813795829e-01
6.8904189168e-02
3.3249830200e-02
1.7960563301e-02
1.0537042884e-02
6.5845205037e-03
4.3247262012e-03
2.9573399263e-03
2.0907848033e-03
1.5201002221e-03
1.1318628438e-03
8.6030064464e-04
6.6572327426e-04
5.2334182690e-04
4.1720324047e-04
3.3676657631e-04
1.0000000000e-06
1.0000000000e-06
1.0000000000e-06
5.1543380103e-01
1.6315071768e-01
6.6860380776e-02
3.2263587088e-02
1.7427824284e-02
1.0224497349e-02
6.3892131005e-03
4.1964479091e-03
2.8696204969e-03
2.0287687840e-03
1.4750116197e-03
1.0982899826e-03
8.3478275236e-04
6.4597685781e-04
5.0781867177e-04
4.0482832547e-04
3.2677754134e-04
1.0000000000e-06
1.0000000000e-06
1.0000000000e-06
4.8681666212e-01
1.5409250935e-01
6.3148259454e-02
3.0472296817e-02
1.6460222883e-02
9.6568282124e-03
6.0344808374e-03
3.9634590511e-03
2.7102977514e-03
1.9161305403e-03
1.3931182469e-03
1.0373123810e-03
7.8843520215e-04
6.1011190401e-04
4.7962432861e-04
3.8235205714e-04
3.0863469105e-04
1.0000000000e-06
1.0000000000e-06
1.0000000000e-06
4.3639953499e-01
1.3813393143e-01
5.6608315214e-02
2.7316435931e-02
1.4755521269e-02
8.6567196014e-03
5.4095203312e-03
3.5529837440e-03
2.4296059901e-03
1.7176866402e-03
1.2488400715e-03
9.2988321050e-04
7.0678097599e-04
5.4692571539e-04
4.2995207489e-04
3.4275379813e-04
2.7667096493e-04
1.0000000000e-06
1.0000000000e-06
1.0000000000e-06
3.5266510253e-01
1.1162939735e-01
4.5746559491e-02
2.2075077781e-02
1.1924296439e-02
6.9957061387e-03
4.3715652499e-03
2.8712527762e-03
1.9634238282e-03
1.3881044468e-03
1.0092181053e-03
7.5146129059e-04
5.7116693622e-04
4.4198400326e-04
3.4745475286e-04
2.7698769973e-04
2.2358455129e-04
1.0000000000e-06
1.0000000000e-06
8.9927586088e-01
2.2900005020e-01
7.2485588769e-02
2.9705134827e-02
1.4334261835e-02
7.7429393027e-03
4.5426015940e-03
2.8386382845e-03
1.8644232876e-03
1.2749323706e-03
9.0135368001e-04
6.5532709393e-04
4.8795492388e-04
3.7088233602e-04
2.8699850993e-04
2.2561675446e-04
1.7985957977e-04
1.4518270478e-04
1.0000000000e-06
1.0000000000e-06
4.3509548498e-01
8.5968971488e-02
2.7211834707e-02
1.1151612791e-02
5.3812291563e-03
2.9067789615e-03
1.7053393069e-03
1.0656539748e-03
6.9992365635e-04
4.7862270998e-04
3.3837743156e-04
2.4601652358e-04
1.8318329144e-04
1.3923303921e-04
1.0774218912e-04
8.4698847501e-05
6.7521134038e-05
5.4503078914e-05
1.0000000000e-06
1.0000000000e-06
1.0000000000e-06
1.0000000000e-06
1.0000000000e-06
1.0000000000e-06
1.0000000000e-06
1.0000000000e-06
1.0000000000e-06
1.0000000000e-06
1.0000000000e-06
1.0000000000e-06
1.0000000000e-06
1.0000000000e-06
1.0000000000e-06
1.0000000000e-06
1.0000000000e-06
1.0000000000e-06
1.0000000000e-06
1.0000000000e-06
1.0000000000e-06
1.0000000000e-06
1.0000000000e-06
4.3127346636e-01
1.3651137165e-01
5.5943377972e-02
2.6995569331e-02
1.4582198721e-02
8.5550353074e-03
5.3459785626e-03
3.5112493827e-03
2.4010671441e-03
1.6975102020e-03
1.2341708390e-03
9.1896053638e-04
6.9847892447e-04
5.4050136946e-04
4.2490173478e-04
3.3872771392e-04
2.7342110858e-04
1.0000000000e-06
1.0000000000e-06
1.0000000000e-06
4.3126682928e-01
1.3650927081e-01
5.5942517033e-02
2.6995153883e-02
1.4581974308e-02
8.5549036498e-03
5.3458962908e-03
3.5111953464e-03
2.4010301929e-03
1.6974840782e-03
1.2341518457e-03
9.1894639405e-04
6.9846817523e-04
5.4049305142e-04
4.2489519576e-04
3.3872250107e-04
2.7341690077e-04
1.0000000000e-06
1.0000000000e-06
1.0000000000e-06
4.3125435917e-01
1.3650532363e-01
5.5940899451e-02
2.6994373316e-02
1.4581552669e-02
8.5546562841e-03
5.3457417138e-03
3.5110938200e-03
2.4009607670e-03
1.6974349953e-03
1.2341161601e-03
9.1891982265e-04
6.9844797898e-04
5.4047742303e-04
4.2488290988e-04
3.3871270689e-04
2.7340899490e-04
1.0000000000e-06
1.0000000000e-06
1.0000000000e-06
4.3123092998e-01
1.3649790757e-01
5.5937860294e-02
2.6992906766e-02
1.4580760483e-02
8.5541915267e-03
5.3454512903e-03
3.5109030693e-03
2.4008303276e-03
1.6973427771e-03
1.2340491131e-03
9.1886989956e-04
6.9841003369e-04
5.4044805996e-04
4.2485982684e-04
3.3869430530e-04
2.7339414114e-04
1.0000000000e-06
1.0000000000e-06
1.0000000000e-06
4.3118691183e-01
1.3648397447e-01
5.5932150404e-02
2.6990151449e-02
1.4579272143e-02
8.5533183526e-03
5.3449056502e-03
3.5105446917e-03
2.4005852614e-03
1.6971695198e-03
1.2339231468e-03
9.1877610538e-04
6.9833874307e-04
5.4039289341e-04
4.2481645903e-04
3.3865973288e-04
2.7336623427e-04
1.0000000000e-06
1.0000000000e-06
1.0000000000e-06
4.3110421612e-01
1.3645779872e-01
5.5921423387e-02
2.6984975109e-02
1.4576476039e-02
8.5516779439e-03
5.3438805709e-03
3.5098714176e-03
2.4001248622e-03
1.6968440261e-03
1.2336864973e-03
9.1859989677e-04
6.9820481132e-04
5.4028925349e-04
4.2473498508e-04
3.3859478261e-04
2.7331380639e-04
1.0000000000e-06
1.0000000000e-06
1.0000000000e-06
4.3094887358e-01
1.3640862801e-01
5.5901272862e-02
2.6975251441e-02
1.4571223605e-02
8.5485964631e-03
5.3419549762e-03
3.5086066832e-03
2.3992600099e-03
1.6962325914e-03
1.2332419552e-03
9.1826889179e-04
6.9795322271e-04
5.4009456761e-04
4.2458193760e-04
3.3847277458e-04
2.7321532148e-04
1.0000000000e-06
1.0000000000e-06
1.0000000000e-06
4.3065712048e-01
1.3631627914e-01
5.5863427609e-02
2.6956989151e-02
1.4561358862e-02
8.5428090492e-03
5.3383384639e-03
3.5062313507e-03
2.3976357069e-03
1.6950842392e-03
1.2324070483e-03
9.1764722224e-04
6.9748070723e-04
5.3972892270e-04
4.2429449493e-04
3.3824362796e-04
2.7303035425e-04
1.0000000000e-06
1.0000000000e-06
1.0000000000e-06
4.3010936612e-01
1.3614289797e-01
5.5792374712e-02
2.6922702458e-02
1.4542838217e-02
8.5319434192e-03
5.3315486117e-03
3.5017717622e-03
2.3945861453e-03
1.6929282553e-03
1.2308395453e-03
9.1648006339e-04
6.9659357897e-04
5.3904243951e-04
4.2375483322e-04
3.3781341465e-04
2.7268308595e-04
1.0000000000e-06
1.0000000000e-06
1.0000000000e-06
4.2908166830e-01
1.3581759987e-01
5.5659065124e-02
2.6858373697e-02
1.4508089745e-02
8.5115573027e-03
5.3188094776e-03
3.4934046735e-03
2.3888645518e-03
1.6888831942e-03
1.2278985930e-03
9.1429023765e-04
6.9492914718e-04
5.3775445840e-04
4.2274231884e-04
3.3700624760e-04
2.7203154047e-04
1.0000000000e-06
1.0000000000e-06
1.0000000000e-06
4.2715592539e-01
1.3520804276e-01
5.5409264077e-02
2.6737831789e-02
1.4442976614e-02
8.4733569497e-03
5.2949383584e-03
3.4777260748e-03
2.3781431919e-03
1.6813033904e-03
1.2223877144e-03
9.1018685110e-04
6.9181026568e-04
5.3534098583e-04
4.2084502728e-04
3.3549374441e-04
2.7081064746e-04
1.0000000000e-06
1.0000000000e-06
1.0000000000e-06
4.2355592422e-01
1.3406853121e-01
5.4942283746e-02
2.6512489660e-02
1.4321253539e-02
8.4019448655e-03
5.2503134729e-03
3.4484163610e-03
2.3581005851e-03
1.6671336369e-03
1.2120856281e-03
9.0251594328e-04
6.8597980046e-04
5.3082921844e-04
4.1729821334e-04
3.3266625730e-04
2.6852829905e-04
1.0000000000e-06
1.0000000000e-06
1.0000000000e-06
4.1685600156e-01
1.3194779877e-01
5.4073191778e-02
2.6093107897e-02
1.4094716060e-02
8.2690406194e-03
5.1672625882e-03
3.3938683743e-03
2.3207995095e-03
1.6407624642e-03
1.1929125284e-03
8.8823970094e-04
6.7512878564e-04
5.2243241767e-04
4.1069727686e-04
3.2740405208e-04
2.6428064547e-04
1.0000000000e-06
1.0000000000e-06
1.0000000000e-06
4.0449138622e-01
1.2803401614e-01
5.2469294476e-02
2.5319144608e-02
1.3676644252e-02
8.0237676569e-03
5.0139933202e-03
3.2932008134e-03
2.2519608863e-03
1.5920948268e-03
1.1575288360e-03
8.6189309159e-04
6.5510338669e-04
5.0693623707e-04
3.9851533914e-04
3.1769272455e-04
2.5644165908e-04
1.0000000000e-06
1.0000000000e-06
1.0000000000e-06
3.8203382493e-01
1.2092550440e-01
4.9556173364e-02
2.3913413210e-02
1.2917310216e-02
7.5782841185e-03
4.7356139376e-03
3.1103606797e-03
2.1269309070e-03
1.5037009367e-03
1.0932622640e-03
8.1404036198e-04
6.1873172350e-04
4.7879088712e-04
3.7638957092e-04
3.0005426777e-04
2.4220389167e-04
1.0000000000e-06
1.0000000000e-06
1.0000000000e-06
3.4246852361e-01
1.0840186459e-01
4.4423892389e-02
2.1436822559e-02
1.1579530058e-02
6.7934397538e-03
4.2451704739e-03
2.7882364345e-03
1.9066554845e-03
1.3479702742e-03
9.8003864850e-04
7.2973433957e-04
5.5465282400e-04
4.2920494870e-04
3.3740881630e-04
2.6897917247e-04
2.1712006577e-04
1.0000000000e-06
1.0000000000e-06
8.8795954718e-01
2.7675716244e-01
8.7602189337e-02
3.5900030381e-02
1.7323618885e-02
9.3577005191e-03
5.4899442718e-03
3.4306257464e-03
2.2532418328e-03
1.5408147764e-03
1.0893276386e-03
7.9199312270e-04
5.8971610887e-04
4.4822846810e-04
3.4685098197e-04
2.7266828962e-04
2.1736862630e-04
1.7546001798e-04
1.0000000000e-06
1.0000000000e-06
9.0952535850e-01
1.7970988236e-01
5.6883727966e-02
2.3311375864e-02
1.1248942880e-02
6.0763423236e-03
3.5648480804e-03
2.2276473132e-03
1.4631231985e-03
1.0005148187e-03
7.0734553019e-04
5.1427392035e-04
3.8292708170e-04
2.9105329945e-04
2.2522470103e-04
1.7705480798e-04
1.4114644737e-04
1.1393345311e-04
1.0000000000e-06
1.0000000000e-06
3.4144516346e-01
6.7464936092e-02
2.1354735873e-02
8.7513299886e-03
4.2229687232e-03
2.2811213337e-03
1.3382805929e-03
8.3628168714e-04
5.4927148013e-04
3.7560354176e-04
2.6554477896e-04
1.9306371310e-04
1.4375476048e-04
1.0926439875e-04
8.4551666615e-05
6.6468193891e-05
5.2987826413e-05
4.2771788797e-05
1.0000000000e-06
1.0000000000e-06
1.0000000000e-06
1.0000000000e-06
1.0000000000e-06
1.0000000000e-06
1.0000000000e-06
1.0000000000e-06
1.0000000000e-06
1.0000000000e-06
1.0000000000e-06
1.0000000000e-06
1.0000000000e-06
1.0000000000e-06
1.0000000000e-06
1.0000000000e-06
1.0000000000e-06
1.0000000000e-06
1.0000000000e-06
1.0000000000e-06
1.0000000000e-06
1.0000000000e-06
1.0000000000e-06
3.3844583494e-01
1.0712855894e-01
4.3902082149e-02
2.1185022144e-02
1.1443515001e-02
6.7136428950e-03
4.1953060033e-03
2.7554853501e-03
1.8842595949e-03
1.3321367930e-03
9.6852695280e-04
7.2116275953e-04
5.4813778032e-04
4.2416343647e-04
3.3344555659e-04
2.6581969865e-04
2.1456973758e-04
1.0000000000e-06
1.0000000000e-06
1.0000000000e-06
3.3844062643e-01
1.0712691028e-01
4.3901406519e-02
2.1184696117e-02
1.1443338891e-02
6.7135395755e-03
4.1952414397e-03
2.7554429446e-03
1.8842305971e-03
1.3321162921e-03
9.6851204766e-04
7.2115166121e-04
5.4812934476e-04
4.2415690881e-04
3.3344042503e-04
2.6581560782e-04
2.1456643546e-04
1.0000000000e-06
1.0000000000e-06
1.0000000000e-06
3.3843084039e-01
1.0712381270e-01
4.3900137106e-02
2.1184083560e-02
1.1443008007e-02
6.7133454530e-03
4.1951201340e-03
2.7553632708e-03
1.8841761144e-03
1.3320777739e-03
9.6848404306e-04
7.2113080905e-04
5.4811349556e-04
4.2414464428e-04
3.3343078358e-04
2.6580792175e-04
2.1456023126e-04
1.0000000000e-06
1.0000000000e-06
1.0000000000e-06
3.3841245412e-01
1.0711799288e-01
4.3897752099e-02
2.1182932671e-02
1.1442386331e-02
6.7129807304e-03
4.1948922215e-03
2.7552135774e-03
1.8840737509e-03
1.3320054047e-03
9.6843142726e-04
7.2109163145e-04
5.4808371765e-04
4.2412160135e-04
3.3341266895e-04
2.6579348093e-04
2.1454857463e-04
1.0000000000e-06
1.0000000000e-06
1.0000000000e-06
3.3837791047e-01
1.0710705874e-01
4.3893271210e-02
2.1180770411e-02
1.1441218342e-02
6.7122954989e-03
4.1944640254e-03
2.7549323374e-03
1.8838814329e-03
1.3318694395e-03
9.6833257405e-04
7.2101802560e-04
5.4802777168e-04
4.2407830888e-04
3.3337863566e-04
2.6576634991e-04
2.1452667446e-04
1.0000000000e-06
1.0000000000e-06
1.0000000000e-06
3.3831301424e-01
1.0708651708e-01
4.3884853085e-02
2.1176708231e-02
1.1439024074e-02
6.7110081730e-03
4.1936595849e-03
2.7544039793e-03
1.8835201304e-03
1.3316140053e-03
9.6814686119e-04
7.2087974427e-04
5.4792266749e-04
4.2399697650e-04
3.3331469822e-04
2.6571537958e-04
2.1448553120e-04
1.0000000000e-06
1.0000000000e-06
1.0000000000e-06
3.3819110775e-01
1.0704792992e-01
4.3869039775e-02
2.1169077492e-02
1.1434902177e-02
6.7085899525e-03
4.1921484568e-03
2.7534114673e-03
1.8828414296e-03
1.3311341763e-03
9.6779800265e-04
7.2061998506e-04
5.4772523102e-04
4.2384419496e-04
3.3319459281e-04
2.6561963266e-04
2.1440824425e-04
1.0000000000e-06
1.0000000000e-06
1.0000000000e-06
3.3796215181e-01
1.0697545829e-01
4.3839340363e-02
2.1154745992e-02
1.1427160730e-02
6.7040482261e-03
4.1893103653e-03
2.7515474032e-03
1.8815667428e-03
1.3302329962e-03
9.6714280180e-04
7.2013212414e-04
5.4735442013e-04
4.2355725174e-04
3.3296901952e-04
2.6543980773e-04
2.1426308952e-04
1.0000000000e-06
1.0000000000e-06
1.0000000000e-06
3.3753229652e-01
1.0683939581e-01
4.3783580946e-02
2.1127839193e-02
1.1412626482e-02
6.6955213226e-03
4.1839819662e-03
2.7480477000e-03
1.8791735712e-03
1.3285410680e-03
9.6591268934e-04
7.1921618547e-04
5.4665823805e-04
4.2301852773e-04
3.3254551501e-04
2.6510219387e-04
2.1399056751e-04
1.0000000000e-06
1.0000000000e-06
1.0000000000e-06
3.3672580117e-01
1.0658411513e-01
4.3678965018e-02
2.1077356604e-02
1.1385357299e-02
6.6795231296e-03
4.1739848132e-03
2.7414815499e-03
1.8746834979e-03
1.3253666690e-03
9.6360474991e-04
7.1749769951e-04
5.4535205984e-04
4.2200777267e-04
3.3175093501e-04
2.6446876208e-04
2.1347926119e-04
1.0000000000e-06
1.0000000000e-06
1.0000000000e-06
3.3521455663e-01
1.0610575956e-01
4.3482931341e-02
2.0982760230e-02
1.1334259168e-02
6.6495450502e-03
4.1552517321e-03
2.7291776249e-03
1.8662698118e-03
1.3194183481e-03
9.5928003703e-04
7.1427752905e-04
5.4290448880e-04
4.2011377780e-04
3.3026201795e-04
2.6328181124e-04
2.1252115413e-04
1.0000000000e-06
1.0000000000e-06
1.0000000000e-06
3.3238942248e-01
1.0521151735e-01
4.3116464216e-02
2.0805920915e-02
1.1238735862e-02
6.5935037582e-03
4.1202319415e-03
2.7061765566e-03
1.8505411912e-03
1.3082985033e-03
9.5119537977e-04
7.0825771337e-04
5.3832897743e-04
4.1657312671e-04
3.2747862299e-04
2.6106291465e-04
2.1073006016e-04
1.0000000000e-06
1.0000000000e-06
1.0000000000e-06
3.2713159630e-01
1.0354725299e-01
4.2434436273e-02
2.0476807206e-02
1.1060958485e-02
6.4892059248e-03
4.0550569934e-03
2.6633695208e-03
1.8212688279e-03
1.2876034822e-03
9.3614911288e-04
6.9705430048e-04
5.2981354344e-04
4.0998365984e-04
3.2229847718e-04
2.5693335055e-04
2.0739667482e-04
1.0000000000e-06
1.0000000000e-06
1.0000000000e-06
3.1742835026e-01
1.0047587595e-01
4.1175763063e-02
1.9869432373e-02
1.0732872776e-02
6.2967257043e-03
3.9347775211e-03
2.5843697235e-03
1.7672470833e-03
1.2494111047e-03
9.0838143379e-04
6.7637855570e-04
5.1409842686e-04
3.9782288915e-04
3.1273858917e-04
2.4931229667e-04
2.0124495793e-04
1.0000000000e-06
1.0000000000e-06
8.6537639455e-01
2.9980457166e-01
9.4897405756e-02
3.8889664387e-02
1.8766271686e-02
1.0136978385e-02
5.9471283870e-03
3.7163167322e-03
2.4408842416e-03
1.6691286534e-03
1.1800431838e-03
8.5794764849e-04
6.3882568464e-04
4.8555542860e-04
3.7573556610e-04
2.9537518842e-04
2.3547035498e-04
1.9007173860e-04
1.0000000000e-06
1.0000000000e-06
8.8110952977e-01
2.6875533612e-01
8.5069363818e-02
3.4862059527e-02
1.6822744319e-02
9.0871430614e-03
5.3312145301e-03
3.3314366988e-03
2.1880942680e-03
1.4962654832e-03
1.0578321096e-03
7.6909437160e-04
5.7266575572e-04
4.3526892100e-04
3.3682254343e-04
2.6478468159e-04
2.1108388724e-04
1.7038697479e-04
1.0000000000e-06
1.0000000000e-06
9.2681071563e-01
2.1718773870e-01
6.8746626677e-02
2.8172880152e-02
1.3594869780e-02
7.3435418293e-03
4.3082844232e-03
2.6922152082e-03
1.7682523181e-03
1.2091686121e-03
8.5485991504e-04
6.2152391025e-04
4.6278515733e-04
3.5175142581e-04
2.7219450823e-04
2.1397895597e-04
1.7058203497e-04
1.3769386793e-04
1.0000000000e-06
1.0000000000e-06
7.1375843208e-01
1.4102898955e-01
4.4640030571e-02
1.8293817342e-02
8.8277117287e-03
4.7684657070e-03
2.7975474240e-03
1.7481667831e-03
1.1481994297e-03
7.8516323526e-04
5.5509593108e-04
4.0358120387e-04
3.0050556036e-04
2.2840676207e-04
1.7674716210e-04
1.3894539410e-04
1.1076597681e-04
8.9410328497e-05
1.0000000000e-06
1.0000000000e-06
2.6795224817e-01
5.2943731537e-02
1.6758326085e-02
6.8676869722e-03
3.3140136747e-03
1.7901310153e-03
1.0502280436e-03
6.5627977020e-04
4.3104586196e-04
2.9475834491e-04
2.0838871532e-04
1.5150853013e-04
1.1281287461e-04
8.5746245023e-05
6.6352700468e-05
5.2161528404e-05
4.1582685652e-05
3.3565555877e-05
1.0000000000e-06
1.0000000000e-06
1.0000000000e-06
1.0000000000e-06
1.0000000000e-06
1.0000000000e-06
1.0000000000e-06
1.0000000000e-06
1.0000000000e-06
1.0000000000e-06
1.0000000000e-06
1.0000000000e-06
1.0000000000e-06
1.0000000000e-06
1.0000000000e-06
1.0000000000e-06
1.0000000000e-06
1.0000000000e-06
1.0000000000e-06
1.0000000000e-06
1.0000000000e-06
1.0000000000e-06
1.0000000000e-06
2.6559852229e-01
8.4070134465e-02
3.4452567835e-02
1.6625143414e-02
8.9804049609e-03
5.2685937785e-03
3.2923054515e-03
2.1623927864e-03
1.4786902623e-03
1.0454067524e-03
7.6006054450e-04
5.6593919051e-04
4.3015622696e-04
3.3286620625e-04
2.6167450532e-04
2.0860448362e-04
1.6838559946e-04
1.0000000000e-06
1.0000000000e-06
1.0000000000e-06
2.6559443485e-01
8.4068840668e-02
3.4452037628e-02
1.6624887561e-02
8.9802667570e-03
5.2685126975e-03
3.2922547846e-03
2.1623595083e-03
1.4786675060e-03
1.0453906641e-03
7.6004884756e-04
5.6593048099e-04
4.3014960708e-04
3.3286108361e-04
2.6167047828e-04
2.0860127330e-04
1.6838300810e-04
1.0000000000e-06
1.0000000000e-06
1.0000000000e-06
2.6558675517e-01
8.4066409811e-02
3.4451041445e-02
1.6624406851e-02
8.9800070919e-03
5.2683603581e-03
3.2921595888e-03
2.1622969835e-03
1.4786247502e-03
1.0453604366e-03
7.6002687070e-04
5.6591411708e-04
4.3013716927e-04
3.3285145891e-04
2.6166291206e-04
2.0859524158e-04
1.6837813929e-04
1.0000000000e-06
1.0000000000e-06
1.0000000000e-06
2.6557232638e-01
8.4061842652e-02
3.4449169788e-02
1.6623503680e-02
8.9795192260e-03
5.2680741386e-03
3.2919807324e-03
2.1621795102e-03
1.4785444195e-03
1.0453036442e-03
7.5998557995e-04
5.6588337209e-04
4.3011380078e-04
3.3283337575e-04
2.6164869644e-04
2.0858390902e-04
1.6836899164e-04
1.0000000000e-06
1.0000000000e-06
1.0000000000e-06
2.6554521792e-01
8.4053261988e-02
3.4445653369e-02
1.6621806826e-02
8.9786026364e-03
5.2675363968e-03
3.2916447015e-03
2.1619588045e-03
1.4783934962e-03
1.0451969442e-03
7.5990800397e-04
5.6582560921e-04
4.3006989666e-04
3.3279940159e-04
2.6162198849e-04
2.0856261769e-04
1.6835180528e-04
1.0000000000e-06
1.0000000000e-06
1.0000000000e-06
2.6549429001e-01
8.4037141732e-02
3.4439047167e-02
1.6618618993e-02
8.9768806640e-03
5.2665261559e-03
3.2910134094e-03
2.1615441706e-03
1.4781099607e-03
1.0449964898e-03
7.5976226408e-04
5.6571709165e-04
4.2998741517e-04
3.3273557525e-04
2.6157181300e-04
2.0852261825e-04
1.6831951772e-04
1.0000000000e-06
1.0000000000e-06
1.0000000000e-06
2.6539862276e-01
8.4006860089e-02
3.4426637525e-02
1.6612630700e-02
8.9736459672e-03
5.2646284347e-03
3.2898275374e-03
2.1607652875e-03
1.4775773439e-03
1.0446199396e-03
7.5948849408e-04
5.6551324319e-04
4.2983247506e-04
3.3261567851e-04
2.6147755915e-04
2.0844747996e-04
1.6825886607e-04
1.0000000000e-06
1.0000000000e-06
1.0000000000e-06
2.6521894744e-01
8.3949987306e-02
3.4403330634e-02
1.6601383921e-02
8.9675707940e-03
5.2610642726e-03
3.2876003188e-03
2.1593024459e-03
1.4765770216e-03
1.0439127301e-03
7.5897431912e-04
5.6513038979e-04
4.2954147776e-04
3.3239049715e-04
2.6130053841e-04
2.0830636068e-04
1.6814495454e-04
1.0000000000e-06
1.0000000000e-06
1.0000000000e-06
2.6488161450e-01
8.3843211011e-02
3.4359572912e-02
1.6580268560e-02
8.9561649080e-03
5.2543727058e-03
3.2834188080e-03
2.1565560212e-03
1.4746989579e-03
1.0425849737e-03
7.5800897692e-04
5.6441159839e-04
4.2899514239e-04
3.3196772846e-04
2.6096818931e-04
2.0804141506e-04
1.6793109036e-04
1.0000000000e-06
1.0000000000e-06
1.0000000000e-06
2.6424870975e-01
8.3642877115e-02
3.4277474588e-02
1.6540651879e-02
8.9347651621e-03
5.2418179748e-03
3.2755734490e-03
2.1514031738e-03
1.4711753310e-03
1.0400938345e-03
7.5619779996e-04
5.6306300053e-04
4.2797010688e-04
3.3117452902e-04
2.6034463525e-04
2.0754432356e-04
1.6752983796e-04
1.0000000000e-06
1.0000000000e-06
1.0000000000e-06
2.6306274652e-01
8.3267483129e-02
3.4123635334e-02
1.6466416493e-02
8.8946654282e-03
5.2182923978e-03
3.2608724892e-03
2.1417475541e-03
1.4645726125e-03
1.0354258343e-03
7.5280394125e-04
5.6053594178e-04
4.2604935272e-04
3.2968819891e-04
2.5917619373e-04
2.0661285284e-04
1.6677795453e-04
1.0000000000e-06
1.0000000000e-06
1.0000000000e-06
2.6084569617e-01
8.2565718225e-02
3.3836046845e-02
1.6327640194e-02
8.8197026242e-03
5.1743134721e-03
3.2333903824e-03
2.1236972515e-03
1.4522294311e-03
1.0266994325e-03
7.4645943119e-04
5.5581183537e-04
4.2245867757e-04
3.2690964000e-04
2.5699189862e-04
2.0487155308e-04
1.6537237685e-04
1.0000000000e-06
1.0000000000e-06
8.5352094553e-01
2.5671956810e-01
8.1259671267e-02
3.3300819065e-02
1.6069365146e-02
8.6801901724e-03
5.0924647761e-03
3.1822437350e-03
2.0901040315e-03
1.4292576714e-03
1.0104588220e-03
7.3465173314e-04
5.4701985278e-04
4.1577611145e-04
3.2173849452e-04
2.5292673096e-04
2.0163083920e-04
1.6275647168e-04
1.0000000000e-06
1.0000000000e-06
8.6499890665e-01
2.4910485536e-01
7.8849379529e-02
3.2313063542e-02
1.5592722089e-02
8.4227218569e-03
4.9414141307e-03
3.0878532992e-03
2.0281082050e-03
1.3868636043e-03
9.8048699819e-04
7.1286078843e-04
5.3079436956e-04
4.0344352738e-04
3.1219521648e-04
2.4542451983e-04
1.9565014621e-04
1.5792885457e-04
1.0000000000e-06
1.0000000000e-06
8.9760679908e-01
2.3527443090e-01
7.4471623079e-02
3.0519026314e-02
1.4727006467e-02
7.9550881845e-03
4.6670643806e-03
2.9164141607e-03
1.9155066370e-03
1.3098642528e-03
9.2604987638e-04
6.7328240580e-04
5.0132440432e-04
3.8104414373e-04
2.9486198406e-04
2.3179842942e-04
1.8478755358e-04
1.4916056665e-04
1.0000000000e-06
1.0000000000e-06
9.4485099858e-01
2.1090825402e-01
6.6758975626e-02
2.7358325891e-02
1.3201805267e-02
7.1312201380e-03
4.1837202461e-03
2.6143759707e-03
1.7171273514e-03
1.1742082704e-03
8.3014359792e-04
6.0355396942e-04
4.4940478407e-04
3.4158133866e-04
2.6432462719e-04
2.0779224435e-04
1.6565004596e-04
1.3371276497e-04
1.0000000000e-06
1.0000000000e-06
8.6261031260e-01
1.7044010149e-01
5.3949555619e-02
2.2108930079e-02
1.0668700662e-02
5.7629128346e-03
3.3809663193e-03
2.1127409537e-03
1.3876524719e-03
9.4890632751e-04
6.7085927827e-04
4.8774667580e-04
3.6317496135e-04
2.7604020666e-04
2.1360717480e-04
1.6792197810e-04
1.3386584026e-04
1.0805654495e-04
1.0000000000e-06
1.0000000000e-06
5.6012858509e-01
1.1067381352e-01
3.5031679788e-02
1.4356243533e-02
6.9276289874e-03
3.7420978682e-03
2.1954013914e-03
1.3718901614e-03
9.0106019402e-04
6.1616415990e-04
4.3561670064e-04
3.1671410762e-04
2.3582453660e-04
1.7924433329e-04
1.3870398120e-04
1.0903869177e-04
8.6924631668e-05
7.0165587804e-05
1.0000000000e-06
1.0000000000e-06
2.1027802539e-01
4.1548086608e-02
1.3151252491e-02
5.3894813119e-03
2.6007030931e-03
1.4048219843e-03
8.2417623686e-04
5.1502166075e-04
3.3826725389e-04
2.3131435580e-04
1.6353498474e-04
1.1889772977e-04
8.8530953787e-05
6.7290164189e-05
5.2070899520e-05
4.0934245103e-05
3.2632399750e-05
2.6340882510e-05
1.0000000000e-06
1.0000000000e-06
1.0000000000e-06
1.0000000000e-06
1.0000000000e-06
1.0000000000e-06
1.0000000000e-06
1.0000000000e-06
1.0000000000e-06
1.0000000000e-06
1.0000000000e-06
1.0000000000e-06
1.0000000000e-06
1.0000000000e-06
1.0000000000e-06
1.0000000000e-06
1.0000000000e-06
1.0000000000e-06
1.0000000000e-06
1.0000000000e-06
1.0000000000e-06
1.0000000000e-06
1.0000000000e-06
2.0843093462e-01
6.5974827358e-02
2.7036976052e-02
1.3046737363e-02
7.0474570943e-03
4.1345784242e-03
2.5836676076e-03
1.6969580371e-03
1.1604160634e-03
8.2039276182e-04
5.9646464671e-04
4.4412609199e-04
3.3756913680e-04
2.6121987982e-04
2.0535152427e-04
1.6370432659e-04
1.3214217973e-04
1.0000000000e-06
1.0000000000e-06
1.0000000000e-06
2.0842772697e-01
6.5973812040e-02
2.7036559967e-02
1.3046536581e-02
7.0473486375e-03
4.1345147952e-03
2.5836278463e-03
1.6969319218e-03
1.1603982052e-03
8.2038013640e-04
5.9645546742e-04
4.4411925712e-04
3.3756394179e-04
2.6121585978e-04
2.0534836401e-04
1.6370180726e-04
1.3214014613e-04
1.0000000000e-06
1.0000000000e-06
1.0000000000e-06
2.0842170027e-01
6.5971904402e-02
2.7035778203e-02
1.3046159339e-02
7.0471448630e-03
4.1343952454e-03
2.5835531405e-03
1.6968828549e-03
1.1603646522e-03
8.2035641505e-04
5.9643822087e-04
4.4410641538e-04
3.3755418110e-04
2.6120830671e-04
2.0534242635e-04
1.6369707381e-04
1.3213632529e-04
1.0000000000e-06
1.0000000000e-06
1.0000000000e-06
2.0841037714e-01
6.5968320281e-02
2.7034309403e-02
1.3045450568e-02
7.0467620057e-03
4.1341706319e-03
2.5834127813e-03
1.6967906666e-03
1.1603016119e-03
8.2031184672e-04
5.9640581757e-04
4.4408228797e-04
3.3753584246e-04
2.6119411578e-04
2.0533127050e-04
1.6368818048e-04
1.3212914659e-04
1.0000000000e-06
1.0000000000e-06
1.0000000000e-06
2.0838910353e-01
6.5961586526e-02
2.7031549860e-02
1.3044118946e-02
7.0460427032e-03
4.1337486340e-03
2.5831490779e-03
1.6966174657e-03
1.1601831734e-03
8.2022811291e-04
5.9634493910e-04
4.4403695801e-04
3.3750138829e-04
2.6116745424e-04
2.0531031119e-04
1.6367147191e-04
1.3211565943e-04
1.0000000000e-06
1.0000000000e-06
1.0000000000e-06
2.0834913737e-01
6.5948936000e-02
2.7026365581e-02
1.3041617263e-02
7.0446913692e-03
4.1329558379e-03
2.5826536654e-03
1.6962920778e-03
1.1599606663e-03
8.2007080444e-04
5.9623056835e-04
4.4395179783e-04
3.3743666017e-04
2.6111736592e-04
2.0527093550e-04
1.6364008197e-04
1.3209032146e-04
1.0000000000e-06
1.0000000000e-06
1.0000000000e-06
2.0827406159e-01
6.5925172199e-02
2.7016626998e-02
1.3036917894e-02
7.0421529105e-03
4.1314665835e-03
2.5817230413e-03
1.6956808421e-03
1.1595426902e-03
8.1977530310e-04
5.9601572477e-04
4.4379182584e-04
3.3731506946e-04
2.6102327583e-04
2.0519696891e-04
1.6358111650e-04
1.3204272451e-04
1.0000000000e-06
1.0000000000e-06
1.0000000000e-06
2.0813305970e-01
6.5880540748e-02
2.6998336696e-02
1.3028091879e-02
7.0373853615e-03
4.1286695739e-03
2.5799752106e-03
1.6945328634e-03
1.1587576779e-03
8.1922031386e-04
5.9561222115e-04
4.4349137804e-04
3.3708670660e-04
2.6084656264e-04
2.0505805023e-04
1.6347037181e-04
1.3195333137e-04
1.0000000000e-06
1.0000000000e-06
1.0000000000e-06
2.0786833451e-01
6.5796747049e-02
2.6963997414e-02
1.3011521401e-02
7.0284344853e-03
4.1234183039e-03
2.5766937307e-03
1.6923775808e-03
1.1572838498e-03
8.1817834455e-04
5.9485465979e-04
4.4292729974e-04
3.3665796479e-04
2.6051479094e-04
2.0479723614e-04
1.6326245325e-04
1.3178549945e-04
1.0000000000e-06
1.0000000000e-06
8.4293481868e-01
2.0737165657e-01
6.5639533142e-02
2.6899569983e-02
1.2980431838e-02
7.0116408338e-03
4.1135658610e-03
2.5705370116e-03
1.6883338355e-03
1.1545186506e-03
8.1622339967e-04
5.9343332168e-04
4.4186897492e-04
3.3585355855e-04
2.5989232023e-04
2.0430789625e-04
1.6287235603e-04
1.3147061286e-04
1.0000000000e-06
1.0000000000e-06
8.5008700732e-01
2.0644096079e-01
6.5344939187e-02
2.6778843184e-02
1.2922174922e-02
6.9801721912e-03
4.0951039436e-03
2.5590002954e-03
1.6807564973e-03
1.1493371053e-03
8.1256014267e-04
5.9076995919e-04
4.3988584184e-04
3.3434622869e-04
2.5872590873e-04
2.0339095080e-04
1.6214137564e-04
1.3088056528e-04
1.0000000000e-06
1.0000000000e-06
8.8368000198e-01
2.0470110970e-01
6.4794222591e-02
2.6553155418e-02
1.2813268919e-02
6.9213444271e-03
4.0605910688e-03
2.5374334541e-03
1.6665913529e-03
1.1396506777e-03
8.0571201698e-04
5.8579104537e-04
4.3617855499e-04
3.3152841266e-04
2.5654540855e-04
2.0167680470e-04
1.6077487431e-04
1.2977752500e-04
1.0000000000e-06
1.0000000000e-06
9.3237055377e-01
2.0146309194e-01
6.3769289977e-02
2.6133130393e-02
1.2610585150e-02
6.8118607209e-03
3.9963595363e-03
2.4972956425e-03
1.6402287582e-03
1.1216233737e-03
7.9296704544e-04
5.7652484350e-04
4.2927896413e-04
3.2628420618e-04
2.5248730359e-04
1.9848662623e-04
1.5823169367e-04
1.2772466886e-04
1.0000000000e-06
1.0000000000e-06
9.8937647378e-01
1.9548737461e-01
6.1877790904e-02
2.5357979972e-02
1.2236535037e-02
6.6098100434e-03
3.8778211244e-03
2.4232218619e-03
1.5915769514e-03
1.0883542316e-03
7.6944637535e-04
5.5942419508e-04
4.1654586387e-04
3.1660609507e-04
2.4499812657e-04
1.9259919562e-04
1.5353828871e-04
1.2393615102e-04
1.0000000000e-06
1.0000000000e-06
9.3444580387e-01
1.8463381914e-01
5.8442305429e-02
2.3950092415e-02
1.1557156576e-02
6.2428301292e-03
3.6625225827e-03
2.2886833888e-03
1.5032118139e-03
1.0279282678e-03
7.2672633303e-04
5.2836468781e-04
3.9341903202e-04
2.9902796849e-04
2.3139570973e-04
1.8190599327e-04
1.4501376718e-04
1.1705515478e-04
1.0000000000e-06
1.0000000000e-06
8.3767000191e-01
1.6551223300e-01
5.2389732926e-02
2.1469703085e-02
1.0360240616e-02
5.5962919459e-03
3.2832137359e-03
2.0516560839e-03
1.3475318074e-03
9.2147096218e-04
6.5146298076e-04
4.7364464284e-04
3.5267462268e-04
2.6805916179e-04
2.0743123229e-04
1.6306691420e-04
1.2999542844e-04
1.0493234741e-04
1.0000000000e-06
1.0000000000e-06
6.7694154882e-01
1.3375447026e-01
4.2337420306e-02
1.7350190440e-02
8.3723629981e-03
4.5224999448e-03
2.6532450564e-03
1.6579932956e-03
1.0889733029e-03
7.4466314766e-04
5.2646311577e-04
3.8276378213e-04
2.8500495990e-04
2.1662514325e-04
1.6763023546e-04
1.3177834852e-04
1.0505247468e-04
8.4798387922e-05
1.0000000000e-06
1.0000000000e-06
4.3956617074e-01
8.6852314513e-02
2.7491439629e-02
1.1266196891e-02
5.4365218816e-03
2.9366464301e-03
1.7228618503e-03
1.0766036820e-03
7.0711544533e-04
4.8354060826e-04
3.4185429482e-04
2.4854436884e-04
1.8506551868e-04
1.4066367304e-04
1.0884925120e-04
8.5569136864e-05
6.8214920619e-05
5.5063103638e-05
1.0000000000e-06
1.0000000000e-06
1.6501765636e-01
3.2605251143e-02
1.0320568870e-02
4.2294460564e-03
2.0409261666e-03
1.1024472396e-03
6.4678003844e-04
4.0416808273e-04
2.6545840274e-04
1.8152611200e-04
1.2833561432e-04
9.3306109488e-05
6.9475496988e-05
5.2806587971e-05
4.0863127164e-05
3.2123533075e-05
2.5608582009e-05
2.0671254797e-05
1.0000000000e-06
1.0000000000e-06
1.0000000000e-06
1.0000000000e-06
1.0000000000e-06
1.0000000000e-06
1.0000000000e-06
1.0000000000e-06
1.0000000000e-06
1.0000000000e-06
1.0000000000e-06
1.0000000000e-06
1.0000000000e-06
1.0000000000e-06
1.0000000000e-06
1.0000000000e-06
1.0000000000e-06
1.0000000000e-06
1.0000000000e-06
1.0000000000e-06
1.0000000000e-06
1.0000000000e-06
8.2783083979e-01
1.6356814704e-01
5.1774369574e-02
2.1217522576e-02
1.0238550490e-02
5.5305585799e-03
3.2446495052e-03
2.0275575798e-03
1.3317038617e-03
9.1064747563e-04
6.4381097529e-04
4.6808127007e-04
3.4853214914e-04
2.6491057123e-04
2.0499477007e-04
1.6115154990e-04
1.2846851782e-04
1.0369982471e-04
1.0000000000e-06
1.0000000000e-06
8.2781809989e-01
1.6356562981e-01
5.1773572793e-02
2.1217196050e-02
1.0238392924e-02
5.5304734674e-03
3.2445995717e-03
2.0275263768e-03
1.3316833675e-03
9.1063346123e-04
6.4380106737e-04
4.6807406654e-04
3.4852678541e-04
2.6490649439e-04
2.0499161530e-04
1.6114906986e-04
1.2846654076e-04
1.0369822882e-04
1.0000000000e-06
1.0000000000e-06
8.2779416348e-01
1.6356090029e-01
5.1772075756e-02
2.1216582553e-02
1.0238096880e-02
5.5303135534e-03
3.2445057538e-03
2.0274677507e-03
1.3316448617e-03
9.1060713020e-04
6.4378245181e-04
4.6806053214e-04
3.4851670773e-04
2.6489883460e-04
2.0498568795e-04
1.6114441022e-04
1.2846282614e-04
1.0369523038e-04
1.0000000000e-06
1.0000000000e-06
8.2774919110e-01
1.6355201436e-01
5.1769263083e-02
2.1215429898e-02
1.0237540665e-02
5.5300131025e-03
3.2443294863e-03
2.0273576024e-03
1.3315725161e-03
9.1055765873e-04
6.4374747639e-04
4.6803510334e-04
3.4849777351e-04
2.6488444318e-04
2.0497455149e-04
1.6113565557e-04
1.2845584701e-04
1.0368959683e-04
1.0000000000e-06
1.0000000000e-06
8.2766469812e-01
1.6353531969e-01
5.1763978705e-02
2.1213264321e-02
1.0236495662e-02
5.5294486232e-03
3.2439983195e-03
2.0271506587e-03
1.3314365951e-03
9.1046471302e-04
6.4368176550e-04
4.6798732839e-04
3.4846220040e-04
2.6485740494e-04
2.0495362859e-04
1.6111920755e-04
1.2844273480e-04
1.0367901265e-04
1.0000000000e-06
1.0000000000e-06
8.2750596341e-01
1.6350395587e-01
5.1754051086e-02
2.1209195909e-02
1.0234532443e-02
5.5283881510e-03
3.2433761652e-03
2.0267618791e-03
1.3311812439e-03
9.1029009842e-04
6.4355831619e-04
4.6789757486e-04
3.4839537014e-04
2.6480660894e-04
2.0491432131e-04
1.6108830711e-04
1.2841810125e-04
1.0365912844e-04
1.0000000000e-06
1.0000000000e-06
8.2720778286e-01
1.6344503944e-01
5.1735402218e-02
2.1201553463e-02
1.0230844568e-02
5.5263960716e-03
3.2422074588e-03
2.0260315630e-03
1.3307015708e-03
9.0996208777e-04
6.4332641871e-04
4.6772897433e-04
3.4826983061e-04
2.6471118948e-04
2.0484048322e-04
1.6103026113e-04
1.2837182754e-04
1.0362177629e-04
1.0000000000e-06
1.0000000000e-06
8.2664776182e-01
1.6333438688e-01
5.1700377266e-02
2.1187199977e-02
1.0223918270e-02
5.5226546924e-03
3.2400124790e-03
2.0246599363e-03
1.3298006837e-03
9.0934604193e-04
6.4289088566e-04
4.6741232105e-04
3.4803405137e-04
2.6453197957e-04
2.0470180588e-04
1.6092124338e-04
1.2828491960e-04
1.0355162417e-04
1.0000000000e-06
1.0000000000e-06
8.2559634554e-01
1.6312664128e-01
5.1634619367e-02
2.1160251900e-02
1.0210914431e-02
5.5156304076e-03
3.2358914953e-03
2.0220847640e-03
1.3281093053e-03
9.0818944139e-04
6.4207319041e-04
4.6681781761e-04
3.4759138559e-04
2.6419552038e-04
2.0444144490e-04
1.6071656706e-04
1.2812175354e-04
1.0341991648e-04
1.0000000000e-06
1.0000000000e-06
8.2362367619e-01
1.6273686856e-01
5.1511244268e-02
2.1109691865e-02
1.0186516602e-02
5.5024514309e-03
3.2281596975e-03
2.0172532205e-03
1.3249359379e-03
9.0601942514e-04
6.4053902893e-04
4.6570240908e-04
3.4676085517e-04
2.6356425498e-04
2.0395295513e-04
1.6033255295e-04
1.2781562106e-04
1.0317280626e-04
1.0000000000e-06
1.0000000000e-06
8.1992720632e-01
1.6200649625e-01
5.1280058875e-02
2.1014950368e-02
1.0140798937e-02
5.4777561162e-03
3.2136715333e-03
2.0081996734e-03
1.3189895501e-03
9.0195315847e-04
6.3766425336e-04
4.6361231021e-04
3.4520457274e-04
2.6238136362e-04
2.0303760267e-04
1.5961297134e-04
1.2724197729e-04
1.0270976084e-04
1.0000000000e-06
1.0000000000e-06
8.1301699221e-01
1.6064113166e-01
5.0847878820e-02
2.0837839759e-02
1.0055333921e-02
5.4315904721e-03
3.1865872285e-03
1.9912748908e-03
1.3078733192e-03
8.9435164289e-04
6.3229012200e-04
4.5970506051e-04
3.4229524435e-04
2.6017005586e-04
2.0132643454e-04
1.5826777899e-04
1.2616960245e-04
1.0184413956e-04
1.0000000000e-06
1.0000000000e-06
8.0015646858e-01
1.5810006660e-01
5.0043553260e-02
2.0508221149e-02
9.8962759175e-03
5.3456720985e-03
3.1361809261e-03
1.9597763637e-03
1.2871850238e-03
8.8020454566e-04
6.2228838509e-04
4.5243332099e-04
3.3688072519e-04
2.5605461524e-04
1.9814179831e-04
1.5576425627e-04
1.2417381741e-04
1.0023314130e-04
1.0000000000e-06
1.0000000000e-06
7.7642254871e-01
1.5341056591e-01
4.8559181478e-02
1.9899914529e-02
9.6027365551e-03
5.1871109193e-03
3.0431567868e-03
1.9016462641e-03
1.2490050584e-03
8.5409627187e-04
6.0383031689e-04
4.3901342550e-04
3.2688830439e-04
2.4845962606e-04
1.9226459585e-04
1.5114403944e-04
1.2049062350e-04
9.7260066106e-05
1.0000000000e-06
1.0000000000e-06
7.3331518579e-01
1.4489313561e-01
4.5863151768e-02
1.8795061457e-02
9.0695878845e-03
4.8991199623e-03
2.8741992208e-03
1.7960659254e-03
1.1796596815e-03
8.0667642554e-04
5.7030535983e-04
4.1463918355e-04
3.0873930448e-04
2.3466502506e-04
1.8158997065e-04
1.4275244782e-04
1.1380092464e-04
9.1860139258e-05
1.0000000000e-06
1.0000000000e-06
6.5736945956e-01
1.2988729007e-01
4.1113338268e-02
1.6848552481e-02
8.1302967693e-03
4.3917430107e-03
2.5765330175e-03
1.6100565072e-03
1.0574883246e-03
7.2313304858e-04
5.1124173265e-04
3.7169711098e-04
2.7676474408e-04
2.1036196125e-04
1.6278362043e-04
1.2796830243e-04
1.0201514134e-04
8.2346651573e-05
1.0000000000e-06
1.0000000000e-06
5.3123628526e-01
1.0496508543e-01
3.3224690893e-02
1.3615725984e-02
6.5702910152e-03
3.5490745864e-03
2.0821591408e-03
1.3011259125e-03
8.5458209400e-04
5.8438144471e-04
4.1314690693e-04
3.0037749641e-04
2.2366033651e-04
1.6999862897e-04
1.3154941192e-04
1.0341430473e-04
8.2440922588e-05
6.6546336537e-05
1.0000000000e-06
1.0000000000e-06
3.4495371139e-01
6.8158175163e-02
2.1574167185e-02
8.8412545256e-03
4.2663619436e-03
2.3045610484e-03
1.3520321243e-03
8.4487491714e-04
5.5491553039e-04
3.7946306342e-04
2.6827338952e-04
1.9504754301e-04
1.4523191526e-04
1.1038714715e-04
8.5420478854e-05
6.7151189058e-05
5.3532303806e-05
4.3211291102e-05
1.0000000000e-06
1.0000000000e-06
1.2949916714e-01
2.5587279179e-02
8.0991640037e-03
3.3190977797e-03
1.6016361042e-03
8.6515589352e-04
5.0756674958e-04
3.1717472373e-04
2.0832099104e-04
1.4245433243e-04
1.0071258654e-04
7.3222851474e-05
5.4521553033e-05
4.1440469105e-05
3.2067725331e-05
2.5209246251e-05
2.0096576814e-05
1.6221962612e-05
1.0000000000e-06
1.0000000000e-06
1.0000000000e-06
1.0000000000e-06
1.0000000000e-06
1.0000000000e-06
1.0000000000e-06
1.0000000000e-06
1.0000000000e-06
1.0000000000e-06
1.0000000000e-06
1.0000000000e-06
1.0000000000e-06
1.0000000000e-06
1.0000000000e-06
1.0000000000e-06
1.0000000000e-06
1.0000000000e-06
1.0000000000e-06
1.0000000000e-06
